date,hh,state,distance,consumption
2020-03-01 00:00:00,0.0,home,0.0,0.0
2020-03-01 00:15:00,0.25,home,0.0,0.0
2020-03-01 00:30:00,0.5,home,0.0,0.0
2020-03-01 00:45:00,0.75,home,0.0,0.0
2020-03-01 01:00:00,1.0,home,0.0,0.0
2020-03-01 01:15:00,1.25,home,0.0,0.0
2020-03-01 01:30:00,1.5,home,0.0,0.0
2020-03-01 01:45:00,1.75,home,0.0,0.0
2020-03-01 02:00:00,2.0,home,0.0,0.0
2020-03-01 02:15:00,2.25,home,0.0,0.0
2020-03-01 02:30:00,2.5,home,0.0,0.0
2020-03-01 02:45:00,2.75,home,0.0,0.0
2020-03-01 03:00:00,3.0,home,0.0,0.0
2020-03-01 03:15:00,3.25,home,0.0,0.0
2020-03-01 03:30:00,3.5,home,0.0,0.0
2020-03-01 03:45:00,3.75,home,0.0,0.0
2020-03-01 04:00:00,4.0,home,0.0,0.0
2020-03-01 04:15:00,4.25,home,0.0,0.0
2020-03-01 04:30:00,4.5,home,0.0,0.0
2020-03-01 04:45:00,4.75,home,0.0,0.0
2020-03-01 05:00:00,5.0,home,0.0,0.0
2020-03-01 05:15:00,5.25,home,0.0,0.0
2020-03-01 05:30:00,5.5,home,0.0,0.0
2020-03-01 05:45:00,5.75,home,0.0,0.0
2020-03-01 06:00:00,6.0,home,0.0,0.0
2020-03-01 06:15:00,6.25,home,0.0,0.0
2020-03-01 06:30:00,6.5,home,0.0,0.0
2020-03-01 06:45:00,6.75,home,0.0,0.0
2020-03-01 07:00:00,7.0,home,0.0,0.0
2020-03-01 07:15:00,7.25,home,0.0,0.0
2020-03-01 07:30:00,7.5,home,0.0,0.0
2020-03-01 07:45:00,7.75,home,0.0,0.0
2020-03-01 08:00:00,8.0,home,0.0,0.0
2020-03-01 08:15:00,8.25,home,0.0,0.0
2020-03-01 08:30:00,8.5,home,0.0,0.0
2020-03-01 08:45:00,8.75,home,0.0,0.0
2020-03-01 09:00:00,9.0,home,0.0,0.0
2020-03-01 09:15:00,9.25,driving,3.0,0.660808209600068
2020-03-01 09:30:00,9.5,driving,3.0,0.660808209600068
2020-03-01 09:45:00,9.75,escort,0.0,0.0
2020-03-01 10:00:00,10.0,escort,0.0,0.0
2020-03-01 10:15:00,10.25,escort,0.0,0.0
2020-03-01 10:30:00,10.5,escort,0.0,0.0
2020-03-01 10:45:00,10.75,escort,0.0,0.0
2020-03-01 11:00:00,11.0,escort,0.0,0.0
2020-03-01 11:15:00,11.25,escort,0.0,0.0
2020-03-01 11:30:00,11.5,escort,0.0,0.0
2020-03-01 11:45:00,11.75,escort,0.0,0.0
2020-03-01 12:00:00,12.0,escort,0.0,0.0
2020-03-01 12:15:00,12.25,escort,0.0,0.0
2020-03-01 12:30:00,12.5,escort,0.0,0.0
2020-03-01 12:45:00,12.75,escort,0.0,0.0
2020-03-01 13:00:00,13.0,escort,0.0,0.0
2020-03-01 13:15:00,13.25,escort,0.0,0.0
2020-03-01 13:30:00,13.5,escort,0.0,0.0
2020-03-01 13:45:00,13.75,escort,0.0,0.0
2020-03-01 14:00:00,14.0,escort,0.0,0.0
2020-03-01 14:15:00,14.25,escort,0.0,0.0
2020-03-01 14:30:00,14.5,escort,0.0,0.0
2020-03-01 14:45:00,14.75,escort,0.0,0.0
2020-03-01 15:00:00,15.0,escort,0.0,0.0
2020-03-01 15:15:00,15.25,escort,0.0,0.0
2020-03-01 15:30:00,15.5,escort,0.0,0.0
2020-03-01 15:45:00,15.75,driving,2.0,0.6689822824333875
2020-03-01 16:00:00,16.0,home,0.0,0.0
2020-03-01 16:15:00,16.25,home,0.0,0.0
2020-03-01 16:30:00,16.5,home,0.0,0.0
2020-03-01 16:45:00,16.75,home,0.0,0.0
2020-03-01 17:00:00,17.0,home,0.0,0.0
2020-03-01 17:15:00,17.25,home,0.0,0.0
2020-03-01 17:30:00,17.5,home,0.0,0.0
2020-03-01 17:45:00,17.75,home,0.0,0.0
2020-03-01 18:00:00,18.0,home,0.0,0.0
2020-03-01 18:15:00,18.25,home,0.0,0.0
2020-03-01 18:30:00,18.5,home,0.0,0.0
2020-03-01 18:45:00,18.75,home,0.0,0.0
2020-03-01 19:00:00,19.0,home,0.0,0.0
2020-03-01 19:15:00,19.25,home,0.0,0.0
2020-03-01 19:30:00,19.5,home,0.0,0.0
2020-03-01 19:45:00,19.75,home,0.0,0.0
2020-03-01 20:00:00,20.0,home,0.0,0.0
2020-03-01 20:15:00,20.25,home,0.0,0.0
2020-03-01 20:30:00,20.5,home,0.0,0.0
2020-03-01 20:45:00,20.75,home,0.0,0.0
2020-03-01 21:00:00,21.0,home,0.0,0.0
2020-03-01 21:15:00,21.25,home,0.0,0.0
2020-03-01 21:30:00,21.5,home,0.0,0.0
2020-03-01 21:45:00,21.75,home,0.0,0.0
2020-03-01 22:00:00,22.0,home,0.0,0.0
2020-03-01 22:15:00,22.25,home,0.0,0.0
2020-03-01 22:30:00,22.5,home,0.0,0.0
2020-03-01 22:45:00,22.75,home,0.0,0.0
2020-03-01 23:00:00,23.0,home,0.0,0.0
2020-03-01 23:15:00,23.25,home,0.0,0.0
2020-03-01 23:30:00,23.5,home,0.0,0.0
2020-03-01 23:45:00,23.75,home,0.0,0.0
2020-03-02 00:00:00,24.0,home,0.0,0.0
2020-03-02 00:15:00,24.25,home,0.0,0.0
2020-03-02 00:30:00,24.5,home,0.0,0.0
2020-03-02 00:45:00,24.75,home,0.0,0.0
2020-03-02 01:00:00,25.0,home,0.0,0.0
2020-03-02 01:15:00,25.25,home,0.0,0.0
2020-03-02 01:30:00,25.5,home,0.0,0.0
2020-03-02 01:45:00,25.75,home,0.0,0.0
2020-03-02 02:00:00,26.0,home,0.0,0.0
2020-03-02 02:15:00,26.25,home,0.0,0.0
2020-03-02 02:30:00,26.5,home,0.0,0.0
2020-03-02 02:45:00,26.75,home,0.0,0.0
2020-03-02 03:00:00,27.0,home,0.0,0.0
2020-03-02 03:15:00,27.25,home,0.0,0.0
2020-03-02 03:30:00,27.5,home,0.0,0.0
2020-03-02 03:45:00,27.75,home,0.0,0.0
2020-03-02 04:00:00,28.0,home,0.0,0.0
2020-03-02 04:15:00,28.25,home,0.0,0.0
2020-03-02 04:30:00,28.5,home,0.0,0.0
2020-03-02 04:45:00,28.75,home,0.0,0.0
2020-03-02 05:00:00,29.0,home,0.0,0.0
2020-03-02 05:15:00,29.25,home,0.0,0.0
2020-03-02 05:30:00,29.5,home,0.0,0.0
2020-03-02 05:45:00,29.75,home,0.0,0.0
2020-03-02 06:00:00,30.0,home,0.0,0.0
2020-03-02 06:15:00,30.25,home,0.0,0.0
2020-03-02 06:30:00,30.5,home,0.0,0.0
2020-03-02 06:45:00,30.75,home,0.0,0.0
2020-03-02 07:00:00,31.0,home,0.0,0.0
2020-03-02 07:15:00,31.25,home,0.0,0.0
2020-03-02 07:30:00,31.5,home,0.0,0.0
2020-03-02 07:45:00,31.75,home,0.0,0.0
2020-03-02 08:00:00,32.0,home,0.0,0.0
2020-03-02 08:15:00,32.25,home,0.0,0.0
2020-03-02 08:30:00,32.5,home,0.0,0.0
2020-03-02 08:45:00,32.75,home,0.0,0.0
2020-03-02 09:00:00,33.0,home,0.0,0.0
2020-03-02 09:15:00,33.25,home,0.0,0.0
2020-03-02 09:30:00,33.5,home,0.0,0.0
2020-03-02 09:45:00,33.75,home,0.0,0.0
2020-03-02 10:00:00,34.0,home,0.0,0.0
2020-03-02 10:15:00,34.25,home,0.0,0.0
2020-03-02 10:30:00,34.5,home,0.0,0.0
2020-03-02 10:45:00,34.75,home,0.0,0.0
2020-03-02 11:00:00,35.0,home,0.0,0.0
2020-03-02 11:15:00,35.25,home,0.0,0.0
2020-03-02 11:30:00,35.5,home,0.0,0.0
2020-03-02 11:45:00,35.75,home,0.0,0.0
2020-03-02 12:00:00,36.0,home,0.0,0.0
2020-03-02 12:15:00,36.25,home,0.0,0.0
2020-03-02 12:30:00,36.5,home,0.0,0.0
2020-03-02 12:45:00,36.75,home,0.0,0.0
2020-03-02 13:00:00,37.0,home,0.0,0.0
2020-03-02 13:15:00,37.25,home,0.0,0.0
2020-03-02 13:30:00,37.5,home,0.0,0.0
2020-03-02 13:45:00,37.75,home,0.0,0.0
2020-03-02 14:00:00,38.0,home,0.0,0.0
2020-03-02 14:15:00,38.25,home,0.0,0.0
2020-03-02 14:30:00,38.5,home,0.0,0.0
2020-03-02 14:45:00,38.75,home,0.0,0.0
2020-03-02 15:00:00,39.0,home,0.0,0.0
2020-03-02 15:15:00,39.25,home,0.0,0.0
2020-03-02 15:30:00,39.5,home,0.0,0.0
2020-03-02 15:45:00,39.75,home,0.0,0.0
2020-03-02 16:00:00,40.0,home,0.0,0.0
2020-03-02 16:15:00,40.25,home,0.0,0.0
2020-03-02 16:30:00,40.5,home,0.0,0.0
2020-03-02 16:45:00,40.75,home,0.0,0.0
2020-03-02 17:00:00,41.0,home,0.0,0.0
2020-03-02 17:15:00,41.25,home,0.0,0.0
2020-03-02 17:30:00,41.5,home,0.0,0.0
2020-03-02 17:45:00,41.75,home,0.0,0.0
2020-03-02 18:00:00,42.0,home,0.0,0.0
2020-03-02 18:15:00,42.25,home,0.0,0.0
2020-03-02 18:30:00,42.5,home,0.0,0.0
2020-03-02 18:45:00,42.75,home,0.0,0.0
2020-03-02 19:00:00,43.0,home,0.0,0.0
2020-03-02 19:15:00,43.25,home,0.0,0.0
2020-03-02 19:30:00,43.5,home,0.0,0.0
2020-03-02 19:45:00,43.75,home,0.0,0.0
2020-03-02 20:00:00,44.0,home,0.0,0.0
2020-03-02 20:15:00,44.25,home,0.0,0.0
2020-03-02 20:30:00,44.5,home,0.0,0.0
2020-03-02 20:45:00,44.75,home,0.0,0.0
2020-03-02 21:00:00,45.0,home,0.0,0.0
2020-03-02 21:15:00,45.25,home,0.0,0.0
2020-03-02 21:30:00,45.5,home,0.0,0.0
2020-03-02 21:45:00,45.75,home,0.0,0.0
2020-03-02 22:00:00,46.0,home,0.0,0.0
2020-03-02 22:15:00,46.25,home,0.0,0.0
2020-03-02 22:30:00,46.5,home,0.0,0.0
2020-03-02 22:45:00,46.75,home,0.0,0.0
2020-03-02 23:00:00,47.0,home,0.0,0.0
2020-03-02 23:15:00,47.25,home,0.0,0.0
2020-03-02 23:30:00,47.5,home,0.0,0.0
2020-03-02 23:45:00,47.75,home,0.0,0.0
2020-03-03 00:00:00,48.0,home,0.0,0.0
2020-03-03 00:15:00,48.25,home,0.0,0.0
2020-03-03 00:30:00,48.5,home,0.0,0.0
2020-03-03 00:45:00,48.75,home,0.0,0.0
2020-03-03 01:00:00,49.0,home,0.0,0.0
2020-03-03 01:15:00,49.25,home,0.0,0.0
2020-03-03 01:30:00,49.5,home,0.0,0.0
2020-03-03 01:45:00,49.75,home,0.0,0.0
2020-03-03 02:00:00,50.0,home,0.0,0.0
2020-03-03 02:15:00,50.25,home,0.0,0.0
2020-03-03 02:30:00,50.5,home,0.0,0.0
2020-03-03 02:45:00,50.75,home,0.0,0.0
2020-03-03 03:00:00,51.0,home,0.0,0.0
2020-03-03 03:15:00,51.25,home,0.0,0.0
2020-03-03 03:30:00,51.5,home,0.0,0.0
2020-03-03 03:45:00,51.75,home,0.0,0.0
2020-03-03 04:00:00,52.0,home,0.0,0.0
2020-03-03 04:15:00,52.25,home,0.0,0.0
2020-03-03 04:30:00,52.5,home,0.0,0.0
2020-03-03 04:45:00,52.75,home,0.0,0.0
2020-03-03 05:00:00,53.0,home,0.0,0.0
2020-03-03 05:15:00,53.25,home,0.0,0.0
2020-03-03 05:30:00,53.5,home,0.0,0.0
2020-03-03 05:45:00,53.75,home,0.0,0.0
2020-03-03 06:00:00,54.0,home,0.0,0.0
2020-03-03 06:15:00,54.25,home,0.0,0.0
2020-03-03 06:30:00,54.5,home,0.0,0.0
2020-03-03 06:45:00,54.75,home,0.0,0.0
2020-03-03 07:00:00,55.0,home,0.0,0.0
2020-03-03 07:15:00,55.25,home,0.0,0.0
2020-03-03 07:30:00,55.5,home,0.0,0.0
2020-03-03 07:45:00,55.75,home,0.0,0.0
2020-03-03 08:00:00,56.0,home,0.0,0.0
2020-03-03 08:15:00,56.25,home,0.0,0.0
2020-03-03 08:30:00,56.5,home,0.0,0.0
2020-03-03 08:45:00,56.75,home,0.0,0.0
2020-03-03 09:00:00,57.0,home,0.0,0.0
2020-03-03 09:15:00,57.25,home,0.0,0.0
2020-03-03 09:30:00,57.5,home,0.0,0.0
2020-03-03 09:45:00,57.75,home,0.0,0.0
2020-03-03 10:00:00,58.0,home,0.0,0.0
2020-03-03 10:15:00,58.25,home,0.0,0.0
2020-03-03 10:30:00,58.5,home,0.0,0.0
2020-03-03 10:45:00,58.75,home,0.0,0.0
2020-03-03 11:00:00,59.0,home,0.0,0.0
2020-03-03 11:15:00,59.25,home,0.0,0.0
2020-03-03 11:30:00,59.5,home,0.0,0.0
2020-03-03 11:45:00,59.75,home,0.0,0.0
2020-03-03 12:00:00,60.0,home,0.0,0.0
2020-03-03 12:15:00,60.25,home,0.0,0.0
2020-03-03 12:30:00,60.5,home,0.0,0.0
2020-03-03 12:45:00,60.75,home,0.0,0.0
2020-03-03 13:00:00,61.0,home,0.0,0.0
2020-03-03 13:15:00,61.25,home,0.0,0.0
2020-03-03 13:30:00,61.5,home,0.0,0.0
2020-03-03 13:45:00,61.75,home,0.0,0.0
2020-03-03 14:00:00,62.0,home,0.0,0.0
2020-03-03 14:15:00,62.25,home,0.0,0.0
2020-03-03 14:30:00,62.5,home,0.0,0.0
2020-03-03 14:45:00,62.75,home,0.0,0.0
2020-03-03 15:00:00,63.0,home,0.0,0.0
2020-03-03 15:15:00,63.25,home,0.0,0.0
2020-03-03 15:30:00,63.5,home,0.0,0.0
2020-03-03 15:45:00,63.75,home,0.0,0.0
2020-03-03 16:00:00,64.0,home,0.0,0.0
2020-03-03 16:15:00,64.25,home,0.0,0.0
2020-03-03 16:30:00,64.5,home,0.0,0.0
2020-03-03 16:45:00,64.75,home,0.0,0.0
2020-03-03 17:00:00,65.0,home,0.0,0.0
2020-03-03 17:15:00,65.25,home,0.0,0.0
2020-03-03 17:30:00,65.5,home,0.0,0.0
2020-03-03 17:45:00,65.75,home,0.0,0.0
2020-03-03 18:00:00,66.0,home,0.0,0.0
2020-03-03 18:15:00,66.25,home,0.0,0.0
2020-03-03 18:30:00,66.5,home,0.0,0.0
2020-03-03 18:45:00,66.75,home,0.0,0.0
2020-03-03 19:00:00,67.0,home,0.0,0.0
2020-03-03 19:15:00,67.25,home,0.0,0.0
2020-03-03 19:30:00,67.5,home,0.0,0.0
2020-03-03 19:45:00,67.75,home,0.0,0.0
2020-03-03 20:00:00,68.0,home,0.0,0.0
2020-03-03 20:15:00,68.25,home,0.0,0.0
2020-03-03 20:30:00,68.5,home,0.0,0.0
2020-03-03 20:45:00,68.75,home,0.0,0.0
2020-03-03 21:00:00,69.0,home,0.0,0.0
2020-03-03 21:15:00,69.25,home,0.0,0.0
2020-03-03 21:30:00,69.5,home,0.0,0.0
2020-03-03 21:45:00,69.75,home,0.0,0.0
2020-03-03 22:00:00,70.0,home,0.0,0.0
2020-03-03 22:15:00,70.25,home,0.0,0.0
2020-03-03 22:30:00,70.5,home,0.0,0.0
2020-03-03 22:45:00,70.75,home,0.0,0.0
2020-03-03 23:00:00,71.0,home,0.0,0.0
2020-03-03 23:15:00,71.25,home,0.0,0.0
2020-03-03 23:30:00,71.5,home,0.0,0.0
2020-03-03 23:45:00,71.75,home,0.0,0.0
2020-03-04 00:00:00,72.0,home,0.0,0.0
2020-03-04 00:15:00,72.25,home,0.0,0.0
2020-03-04 00:30:00,72.5,home,0.0,0.0
2020-03-04 00:45:00,72.75,home,0.0,0.0
2020-03-04 01:00:00,73.0,home,0.0,0.0
2020-03-04 01:15:00,73.25,home,0.0,0.0
2020-03-04 01:30:00,73.5,home,0.0,0.0
2020-03-04 01:45:00,73.75,home,0.0,0.0
2020-03-04 02:00:00,74.0,home,0.0,0.0
2020-03-04 02:15:00,74.25,home,0.0,0.0
2020-03-04 02:30:00,74.5,home,0.0,0.0
2020-03-04 02:45:00,74.75,home,0.0,0.0
2020-03-04 03:00:00,75.0,home,0.0,0.0
2020-03-04 03:15:00,75.25,home,0.0,0.0
2020-03-04 03:30:00,75.5,home,0.0,0.0
2020-03-04 03:45:00,75.75,home,0.0,0.0
2020-03-04 04:00:00,76.0,home,0.0,0.0
2020-03-04 04:15:00,76.25,home,0.0,0.0
2020-03-04 04:30:00,76.5,home,0.0,0.0
2020-03-04 04:45:00,76.75,home,0.0,0.0
2020-03-04 05:00:00,77.0,home,0.0,0.0
2020-03-04 05:15:00,77.25,home,0.0,0.0
2020-03-04 05:30:00,77.5,home,0.0,0.0
2020-03-04 05:45:00,77.75,home,0.0,0.0
2020-03-04 06:00:00,78.0,home,0.0,0.0
2020-03-04 06:15:00,78.25,home,0.0,0.0
2020-03-04 06:30:00,78.5,home,0.0,0.0
2020-03-04 06:45:00,78.75,home,0.0,0.0
2020-03-04 07:00:00,79.0,home,0.0,0.0
2020-03-04 07:15:00,79.25,home,0.0,0.0
2020-03-04 07:30:00,79.5,home,0.0,0.0
2020-03-04 07:45:00,79.75,home,0.0,0.0
2020-03-04 08:00:00,80.0,home,0.0,0.0
2020-03-04 08:15:00,80.25,home,0.0,0.0
2020-03-04 08:30:00,80.5,home,0.0,0.0
2020-03-04 08:45:00,80.75,home,0.0,0.0
2020-03-04 09:00:00,81.0,home,0.0,0.0
2020-03-04 09:15:00,81.25,home,0.0,0.0
2020-03-04 09:30:00,81.5,home,0.0,0.0
2020-03-04 09:45:00,81.75,home,0.0,0.0
2020-03-04 10:00:00,82.0,home,0.0,0.0
2020-03-04 10:15:00,82.25,home,0.0,0.0
2020-03-04 10:30:00,82.5,home,0.0,0.0
2020-03-04 10:45:00,82.75,home,0.0,0.0
2020-03-04 11:00:00,83.0,home,0.0,0.0
2020-03-04 11:15:00,83.25,home,0.0,0.0
2020-03-04 11:30:00,83.5,home,0.0,0.0
2020-03-04 11:45:00,83.75,home,0.0,0.0
2020-03-04 12:00:00,84.0,home,0.0,0.0
2020-03-04 12:15:00,84.25,home,0.0,0.0
2020-03-04 12:30:00,84.5,home,0.0,0.0
2020-03-04 12:45:00,84.75,home,0.0,0.0
2020-03-04 13:00:00,85.0,home,0.0,0.0
2020-03-04 13:15:00,85.25,home,0.0,0.0
2020-03-04 13:30:00,85.5,home,0.0,0.0
2020-03-04 13:45:00,85.75,home,0.0,0.0
2020-03-04 14:00:00,86.0,home,0.0,0.0
2020-03-04 14:15:00,86.25,driving,1.0,0.6093306098983813
2020-03-04 14:30:00,86.5,leisure,0.0,0.0
2020-03-04 14:45:00,86.75,leisure,0.0,0.0
2020-03-04 15:00:00,87.0,leisure,0.0,0.0
2020-03-04 15:15:00,87.25,driving,1.0,0.3844864395537424
2020-03-04 15:30:00,87.5,shopping,0.0,0.0
2020-03-04 15:45:00,87.75,shopping,0.0,0.0
2020-03-04 16:00:00,88.0,shopping,0.0,0.0
2020-03-04 16:15:00,88.25,shopping,0.0,0.0
2020-03-04 16:30:00,88.5,shopping,0.0,0.0
2020-03-04 16:45:00,88.75,shopping,0.0,0.0
2020-03-04 17:00:00,89.0,driving,10.0,2.0384369670047744
2020-03-04 17:15:00,89.25,driving,10.0,2.0384369670047744
2020-03-04 17:30:00,89.5,home,0.0,0.0
2020-03-04 17:45:00,89.75,home,0.0,0.0
2020-03-04 18:00:00,90.0,home,0.0,0.0
2020-03-04 18:15:00,90.25,home,0.0,0.0
2020-03-04 18:30:00,90.5,home,0.0,0.0
2020-03-04 18:45:00,90.75,home,0.0,0.0
2020-03-04 19:00:00,91.0,home,0.0,0.0
2020-03-04 19:15:00,91.25,home,0.0,0.0
2020-03-04 19:30:00,91.5,home,0.0,0.0
2020-03-04 19:45:00,91.75,home,0.0,0.0
2020-03-04 20:00:00,92.0,home,0.0,0.0
2020-03-04 20:15:00,92.25,home,0.0,0.0
2020-03-04 20:30:00,92.5,home,0.0,0.0
2020-03-04 20:45:00,92.75,home,0.0,0.0
2020-03-04 21:00:00,93.0,home,0.0,0.0
2020-03-04 21:15:00,93.25,home,0.0,0.0
2020-03-04 21:30:00,93.5,home,0.0,0.0
2020-03-04 21:45:00,93.75,home,0.0,0.0
2020-03-04 22:00:00,94.0,home,0.0,0.0
2020-03-04 22:15:00,94.25,home,0.0,0.0
2020-03-04 22:30:00,94.5,home,0.0,0.0
2020-03-04 22:45:00,94.75,home,0.0,0.0
2020-03-04 23:00:00,95.0,home,0.0,0.0
2020-03-04 23:15:00,95.25,home,0.0,0.0
2020-03-04 23:30:00,95.5,home,0.0,0.0
2020-03-04 23:45:00,95.75,home,0.0,0.0
2020-03-05 00:00:00,96.0,home,0.0,0.0
2020-03-05 00:15:00,96.25,home,0.0,0.0
2020-03-05 00:30:00,96.5,home,0.0,0.0
2020-03-05 00:45:00,96.75,home,0.0,0.0
2020-03-05 01:00:00,97.0,home,0.0,0.0
2020-03-05 01:15:00,97.25,home,0.0,0.0
2020-03-05 01:30:00,97.5,home,0.0,0.0
2020-03-05 01:45:00,97.75,home,0.0,0.0
2020-03-05 02:00:00,98.0,home,0.0,0.0
2020-03-05 02:15:00,98.25,home,0.0,0.0
2020-03-05 02:30:00,98.5,home,0.0,0.0
2020-03-05 02:45:00,98.75,home,0.0,0.0
2020-03-05 03:00:00,99.0,home,0.0,0.0
2020-03-05 03:15:00,99.25,home,0.0,0.0
2020-03-05 03:30:00,99.5,home,0.0,0.0
2020-03-05 03:45:00,99.75,home,0.0,0.0
2020-03-05 04:00:00,100.0,home,0.0,0.0
2020-03-05 04:15:00,100.25,home,0.0,0.0
2020-03-05 04:30:00,100.5,home,0.0,0.0
2020-03-05 04:45:00,100.75,home,0.0,0.0
2020-03-05 05:00:00,101.0,home,0.0,0.0
2020-03-05 05:15:00,101.25,home,0.0,0.0
2020-03-05 05:30:00,101.5,home,0.0,0.0
2020-03-05 05:45:00,101.75,home,0.0,0.0
2020-03-05 06:00:00,102.0,home,0.0,0.0
2020-03-05 06:15:00,102.25,home,0.0,0.0
2020-03-05 06:30:00,102.5,home,0.0,0.0
2020-03-05 06:45:00,102.75,home,0.0,0.0
2020-03-05 07:00:00,103.0,home,0.0,0.0
2020-03-05 07:15:00,103.25,home,0.0,0.0
2020-03-05 07:30:00,103.5,home,0.0,0.0
2020-03-05 07:45:00,103.75,home,0.0,0.0
2020-03-05 08:00:00,104.0,home,0.0,0.0
2020-03-05 08:15:00,104.25,home,0.0,0.0
2020-03-05 08:30:00,104.5,home,0.0,0.0
2020-03-05 08:45:00,104.75,home,0.0,0.0
2020-03-05 09:00:00,105.0,home,0.0,0.0
2020-03-05 09:15:00,105.25,home,0.0,0.0
2020-03-05 09:30:00,105.5,home,0.0,0.0
2020-03-05 09:45:00,105.75,home,0.0,0.0
2020-03-05 10:00:00,106.0,driving,3.0,0.690744827685435
2020-03-05 10:15:00,106.25,driving,3.0,0.690744827685435
2020-03-05 10:30:00,106.5,driving,3.0,0.690744827685435
2020-03-05 10:45:00,106.75,shopping,0.0,0.0
2020-03-05 11:00:00,107.0,shopping,0.0,0.0
2020-03-05 11:15:00,107.25,shopping,0.0,0.0
2020-03-05 11:30:00,107.5,shopping,0.0,0.0
2020-03-05 11:45:00,107.75,shopping,0.0,0.0
2020-03-05 12:00:00,108.0,shopping,0.0,0.0
2020-03-05 12:15:00,108.25,shopping,0.0,0.0
2020-03-05 12:30:00,108.5,driving,1.0,0.6107392615422299
2020-03-05 12:45:00,108.75,home,0.0,0.0
2020-03-05 13:00:00,109.0,home,0.0,0.0
2020-03-05 13:15:00,109.25,home,0.0,0.0
2020-03-05 13:30:00,109.5,home,0.0,0.0
2020-03-05 13:45:00,109.75,home,0.0,0.0
2020-03-05 14:00:00,110.0,home,0.0,0.0
2020-03-05 14:15:00,110.25,home,0.0,0.0
2020-03-05 14:30:00,110.5,home,0.0,0.0
2020-03-05 14:45:00,110.75,driving,6.0,0.9181213410033412
2020-03-05 15:00:00,111.0,leisure,0.0,0.0
2020-03-05 15:15:00,111.25,leisure,0.0,0.0
2020-03-05 15:30:00,111.5,leisure,0.0,0.0
2020-03-05 15:45:00,111.75,leisure,0.0,0.0
2020-03-05 16:00:00,112.0,leisure,0.0,0.0
2020-03-05 16:15:00,112.25,leisure,0.0,0.0
2020-03-05 16:30:00,112.5,leisure,0.0,0.0
2020-03-05 16:45:00,112.75,leisure,0.0,0.0
2020-03-05 17:00:00,113.0,leisure,0.0,0.0
2020-03-05 17:15:00,113.25,leisure,0.0,0.0
2020-03-05 17:30:00,113.5,leisure,0.0,0.0
2020-03-05 17:45:00,113.75,leisure,0.0,0.0
2020-03-05 18:00:00,114.0,leisure,0.0,0.0
2020-03-05 18:15:00,114.25,leisure,0.0,0.0
2020-03-05 18:30:00,114.5,leisure,0.0,0.0
2020-03-05 18:45:00,114.75,leisure,0.0,0.0
2020-03-05 19:00:00,115.0,leisure,0.0,0.0
2020-03-05 19:15:00,115.25,leisure,0.0,0.0
2020-03-05 19:30:00,115.5,leisure,0.0,0.0
2020-03-05 19:45:00,115.75,leisure,0.0,0.0
2020-03-05 20:00:00,116.0,leisure,0.0,0.0
2020-03-05 20:15:00,116.25,leisure,0.0,0.0
2020-03-05 20:30:00,116.5,leisure,0.0,0.0
2020-03-05 20:45:00,116.75,leisure,0.0,0.0
2020-03-05 21:00:00,117.0,leisure,0.0,0.0
2020-03-05 21:15:00,117.25,driving,5.0,0.9554620886010294
2020-03-05 21:30:00,117.5,driving,5.0,0.9554620886010294
2020-03-05 21:45:00,117.75,home,0.0,0.0
2020-03-05 22:00:00,118.0,home,0.0,0.0
2020-03-05 22:15:00,118.25,home,0.0,0.0
2020-03-05 22:30:00,118.5,home,0.0,0.0
2020-03-05 22:45:00,118.75,home,0.0,0.0
2020-03-05 23:00:00,119.0,home,0.0,0.0
2020-03-05 23:15:00,119.25,home,0.0,0.0
2020-03-05 23:30:00,119.5,home,0.0,0.0
2020-03-05 23:45:00,119.75,home,0.0,0.0
2020-03-06 00:00:00,120.0,home,0.0,0.0
2020-03-06 00:15:00,120.25,home,0.0,0.0
2020-03-06 00:30:00,120.5,home,0.0,0.0
2020-03-06 00:45:00,120.75,home,0.0,0.0
2020-03-06 01:00:00,121.0,home,0.0,0.0
2020-03-06 01:15:00,121.25,home,0.0,0.0
2020-03-06 01:30:00,121.5,home,0.0,0.0
2020-03-06 01:45:00,121.75,home,0.0,0.0
2020-03-06 02:00:00,122.0,home,0.0,0.0
2020-03-06 02:15:00,122.25,home,0.0,0.0
2020-03-06 02:30:00,122.5,home,0.0,0.0
2020-03-06 02:45:00,122.75,home,0.0,0.0
2020-03-06 03:00:00,123.0,home,0.0,0.0
2020-03-06 03:15:00,123.25,home,0.0,0.0
2020-03-06 03:30:00,123.5,home,0.0,0.0
2020-03-06 03:45:00,123.75,home,0.0,0.0
2020-03-06 04:00:00,124.0,home,0.0,0.0
2020-03-06 04:15:00,124.25,home,0.0,0.0
2020-03-06 04:30:00,124.5,home,0.0,0.0
2020-03-06 04:45:00,124.75,home,0.0,0.0
2020-03-06 05:00:00,125.0,home,0.0,0.0
2020-03-06 05:15:00,125.25,home,0.0,0.0
2020-03-06 05:30:00,125.5,home,0.0,0.0
2020-03-06 05:45:00,125.75,home,0.0,0.0
2020-03-06 06:00:00,126.0,home,0.0,0.0
2020-03-06 06:15:00,126.25,home,0.0,0.0
2020-03-06 06:30:00,126.5,home,0.0,0.0
2020-03-06 06:45:00,126.75,home,0.0,0.0
2020-03-06 07:00:00,127.0,home,0.0,0.0
2020-03-06 07:15:00,127.25,home,0.0,0.0
2020-03-06 07:30:00,127.5,home,0.0,0.0
2020-03-06 07:45:00,127.75,home,0.0,0.0
2020-03-06 08:00:00,128.0,home,0.0,0.0
2020-03-06 08:15:00,128.25,home,0.0,0.0
2020-03-06 08:30:00,128.5,home,0.0,0.0
2020-03-06 08:45:00,128.75,home,0.0,0.0
2020-03-06 09:00:00,129.0,home,0.0,0.0
2020-03-06 09:15:00,129.25,home,0.0,0.0
2020-03-06 09:30:00,129.5,driving,3.0,0.6415389781619477
2020-03-06 09:45:00,129.75,shopping,0.0,0.0
2020-03-06 10:00:00,130.0,shopping,0.0,0.0
2020-03-06 10:15:00,130.25,shopping,0.0,0.0
2020-03-06 10:30:00,130.5,shopping,0.0,0.0
2020-03-06 10:45:00,130.75,shopping,0.0,0.0
2020-03-06 11:00:00,131.0,shopping,0.0,0.0
2020-03-06 11:15:00,131.25,shopping,0.0,0.0
2020-03-06 11:30:00,131.5,shopping,0.0,0.0
2020-03-06 11:45:00,131.75,shopping,0.0,0.0
2020-03-06 12:00:00,132.0,shopping,0.0,0.0
2020-03-06 12:15:00,132.25,shopping,0.0,0.0
2020-03-06 12:30:00,132.5,shopping,0.0,0.0
2020-03-06 12:45:00,132.75,shopping,0.0,0.0
2020-03-06 13:00:00,133.0,shopping,0.0,0.0
2020-03-06 13:15:00,133.25,shopping,0.0,0.0
2020-03-06 13:30:00,133.5,shopping,0.0,0.0
2020-03-06 13:45:00,133.75,shopping,0.0,0.0
2020-03-06 14:00:00,134.0,shopping,0.0,0.0
2020-03-06 14:15:00,134.25,shopping,0.0,0.0
2020-03-06 14:30:00,134.5,shopping,0.0,0.0
2020-03-06 14:45:00,134.75,shopping,0.0,0.0
2020-03-06 15:00:00,135.0,shopping,0.0,0.0
2020-03-06 15:15:00,135.25,shopping,0.0,0.0
2020-03-06 15:30:00,135.5,shopping,0.0,0.0
2020-03-06 15:45:00,135.75,shopping,0.0,0.0
2020-03-06 16:00:00,136.0,shopping,0.0,0.0
2020-03-06 16:15:00,136.25,shopping,0.0,0.0
2020-03-06 16:30:00,136.5,shopping,0.0,0.0
2020-03-06 16:45:00,136.75,shopping,0.0,0.0
2020-03-06 17:00:00,137.0,shopping,0.0,0.0
2020-03-06 17:15:00,137.25,shopping,0.0,0.0
2020-03-06 17:30:00,137.5,shopping,0.0,0.0
2020-03-06 17:45:00,137.75,shopping,0.0,0.0
2020-03-06 18:00:00,138.0,shopping,0.0,0.0
2020-03-06 18:15:00,138.25,driving,1.5833333333333333,0.6609981869471028
2020-03-06 18:30:00,138.5,driving,1.5833333333333333,0.6609981869471028
2020-03-06 18:45:00,138.75,driving,1.5833333333333333,0.6609981869471028
2020-03-06 19:00:00,139.0,driving,1.5833333333333333,0.6609981869471028
2020-03-06 19:15:00,139.25,driving,1.5833333333333333,0.6609981869471028
2020-03-06 19:30:00,139.5,driving,1.5833333333333333,0.6609981869471028
2020-03-06 19:45:00,139.75,driving,1.5833333333333333,0.6609981869471028
2020-03-06 20:00:00,140.0,driving,1.5833333333333333,0.6609981869471028
2020-03-06 20:15:00,140.25,driving,1.5833333333333333,0.6609981869471028
2020-03-06 20:30:00,140.5,driving,1.5833333333333333,0.6609981869471028
2020-03-06 20:45:00,140.75,driving,1.5833333333333333,0.6609981869471028
2020-03-06 21:00:00,141.0,driving,1.5833333333333333,0.6609981869471028
2020-03-06 21:15:00,141.25,home,0.0,0.0
2020-03-06 21:30:00,141.5,home,0.0,0.0
2020-03-06 21:45:00,141.75,home,0.0,0.0
2020-03-06 22:00:00,142.0,home,0.0,0.0
2020-03-06 22:15:00,142.25,home,0.0,0.0
2020-03-06 22:30:00,142.5,home,0.0,0.0
2020-03-06 22:45:00,142.75,home,0.0,0.0
2020-03-06 23:00:00,143.0,home,0.0,0.0
2020-03-06 23:15:00,143.25,home,0.0,0.0
2020-03-06 23:30:00,143.5,home,0.0,0.0
2020-03-06 23:45:00,143.75,home,0.0,0.0
2020-03-07 00:00:00,144.0,home,0.0,0.0
2020-03-07 00:15:00,144.25,home,0.0,0.0
2020-03-07 00:30:00,144.5,home,0.0,0.0
2020-03-07 00:45:00,144.75,home,0.0,0.0
2020-03-07 01:00:00,145.0,home,0.0,0.0
2020-03-07 01:15:00,145.25,home,0.0,0.0
2020-03-07 01:30:00,145.5,home,0.0,0.0
2020-03-07 01:45:00,145.75,home,0.0,0.0
2020-03-07 02:00:00,146.0,home,0.0,0.0
2020-03-07 02:15:00,146.25,home,0.0,0.0
2020-03-07 02:30:00,146.5,home,0.0,0.0
2020-03-07 02:45:00,146.75,home,0.0,0.0
2020-03-07 03:00:00,147.0,home,0.0,0.0
2020-03-07 03:15:00,147.25,home,0.0,0.0
2020-03-07 03:30:00,147.5,home,0.0,0.0
2020-03-07 03:45:00,147.75,home,0.0,0.0
2020-03-07 04:00:00,148.0,home,0.0,0.0
2020-03-07 04:15:00,148.25,home,0.0,0.0
2020-03-07 04:30:00,148.5,home,0.0,0.0
2020-03-07 04:45:00,148.75,home,0.0,0.0
2020-03-07 05:00:00,149.0,home,0.0,0.0
2020-03-07 05:15:00,149.25,home,0.0,0.0
2020-03-07 05:30:00,149.5,home,0.0,0.0
2020-03-07 05:45:00,149.75,home,0.0,0.0
2020-03-07 06:00:00,150.0,home,0.0,0.0
2020-03-07 06:15:00,150.25,home,0.0,0.0
2020-03-07 06:30:00,150.5,home,0.0,0.0
2020-03-07 06:45:00,150.75,home,0.0,0.0
2020-03-07 07:00:00,151.0,home,0.0,0.0
2020-03-07 07:15:00,151.25,home,0.0,0.0
2020-03-07 07:30:00,151.5,home,0.0,0.0
2020-03-07 07:45:00,151.75,home,0.0,0.0
2020-03-07 08:00:00,152.0,home,0.0,0.0
2020-03-07 08:15:00,152.25,home,0.0,0.0
2020-03-07 08:30:00,152.5,home,0.0,0.0
2020-03-07 08:45:00,152.75,home,0.0,0.0
2020-03-07 09:00:00,153.0,home,0.0,0.0
2020-03-07 09:15:00,153.25,home,0.0,0.0
2020-03-07 09:30:00,153.5,home,0.0,0.0
2020-03-07 09:45:00,153.75,home,0.0,0.0
2020-03-07 10:00:00,154.0,home,0.0,0.0
2020-03-07 10:15:00,154.25,home,0.0,0.0
2020-03-07 10:30:00,154.5,home,0.0,0.0
2020-03-07 10:45:00,154.75,home,0.0,0.0
2020-03-07 11:00:00,155.0,home,0.0,0.0
2020-03-07 11:15:00,155.25,home,0.0,0.0
2020-03-07 11:30:00,155.5,home,0.0,0.0
2020-03-07 11:45:00,155.75,home,0.0,0.0
2020-03-07 12:00:00,156.0,home,0.0,0.0
2020-03-07 12:15:00,156.25,home,0.0,0.0
2020-03-07 12:30:00,156.5,home,0.0,0.0
2020-03-07 12:45:00,156.75,home,0.0,0.0
2020-03-07 13:00:00,157.0,home,0.0,0.0
2020-03-07 13:15:00,157.25,home,0.0,0.0
2020-03-07 13:30:00,157.5,home,0.0,0.0
2020-03-07 13:45:00,157.75,home,0.0,0.0
2020-03-07 14:00:00,158.0,home,0.0,0.0
2020-03-07 14:15:00,158.25,home,0.0,0.0
2020-03-07 14:30:00,158.5,home,0.0,0.0
2020-03-07 14:45:00,158.75,home,0.0,0.0
2020-03-07 15:00:00,159.0,home,0.0,0.0
2020-03-07 15:15:00,159.25,home,0.0,0.0
2020-03-07 15:30:00,159.5,home,0.0,0.0
2020-03-07 15:45:00,159.75,home,0.0,0.0
2020-03-07 16:00:00,160.0,home,0.0,0.0
2020-03-07 16:15:00,160.25,home,0.0,0.0
2020-03-07 16:30:00,160.5,home,0.0,0.0
2020-03-07 16:45:00,160.75,home,0.0,0.0
2020-03-07 17:00:00,161.0,home,0.0,0.0
2020-03-07 17:15:00,161.25,home,0.0,0.0
2020-03-07 17:30:00,161.5,home,0.0,0.0
2020-03-07 17:45:00,161.75,home,0.0,0.0
2020-03-07 18:00:00,162.0,home,0.0,0.0
2020-03-07 18:15:00,162.25,home,0.0,0.0
2020-03-07 18:30:00,162.5,home,0.0,0.0
2020-03-07 18:45:00,162.75,home,0.0,0.0
2020-03-07 19:00:00,163.0,home,0.0,0.0
2020-03-07 19:15:00,163.25,home,0.0,0.0
2020-03-07 19:30:00,163.5,home,0.0,0.0
2020-03-07 19:45:00,163.75,home,0.0,0.0
2020-03-07 20:00:00,164.0,home,0.0,0.0
2020-03-07 20:15:00,164.25,home,0.0,0.0
2020-03-07 20:30:00,164.5,home,0.0,0.0
2020-03-07 20:45:00,164.75,home,0.0,0.0
2020-03-07 21:00:00,165.0,home,0.0,0.0
2020-03-07 21:15:00,165.25,home,0.0,0.0
2020-03-07 21:30:00,165.5,home,0.0,0.0
2020-03-07 21:45:00,165.75,home,0.0,0.0
2020-03-07 22:00:00,166.0,home,0.0,0.0
2020-03-07 22:15:00,166.25,home,0.0,0.0
2020-03-07 22:30:00,166.5,home,0.0,0.0
2020-03-07 22:45:00,166.75,home,0.0,0.0
2020-03-07 23:00:00,167.0,home,0.0,0.0
2020-03-07 23:15:00,167.25,home,0.0,0.0
2020-03-07 23:30:00,167.5,home,0.0,0.0
2020-03-07 23:45:00,167.75,home,0.0,0.0
