time,speed,total_voltage,total_current,soc,temp_max,temp_min,motor_voltage,motor_current,mileage,datetime,year,month,day,hour,minute,second,time_interval,soc_rate,mile_rate,used_soc,mile,driving_time,motor_voltage_rate,motor_current_rate,total_voltage_rate,total_current_rate,total_power_transient,motor_power_transient,total_power,motor_power,temp_diff,soc_start,cut_point,brake_ratio,stop_ratio,accelerate_ratio,work_condition,work_condition_color,work_condition_0,work_condition_1,work_condition_2,work_condition_3
63644988515.0,0.0,530.7,5.0,33.0,20.0,12.0,533.0,2.0,38304.7,2018-01-31 19:28:35,2018.0,1.0,31.0,19.0,28.0,35.0,10.0,0.0,0.0,0.0,0.0,0.0,-2.0,-30.0,-1.9,-5.0,2653.5,1066.0,2653.5,1066.0,8.0,33.0,-1.0,0.0,0.0,1.0,0,red,1.0,0.0,0.0,0.0
63644988525.0,12.0,528.8,0.0,33.0,20.0,12.0,531.0,-28.0,38304.7,2018-01-31 19:28:45,2018.0,1.0,31.0,19.0,28.0,45.0,10.0,0.0,0.0,0.0,0.0,10.0,-1.0,28.0,-1.0,26.0,0.0,-14868.0,2653.5,-6368.0,8.0,33.0,0.0,0.5,0.0,0.5,0,red,1.0,0.0,0.0,0.0
63644988535.0,4.0,527.8,26.0,33.0,20.0,12.0,530.0,0.0,38304.7,2018-01-31 19:28:55,2018.0,1.0,31.0,19.0,28.0,55.0,10.0,0.0,0.0,0.0,0.0,20.0,-15.0,62.0,-13.9,171.0,13722.8,0.0,16376.3,-6368.0,8.0,33.0,0.0,0.3333333333333333,0.3333333333333333,0.3333333333333333,0,red,1.0,0.0,0.0,0.0
63644988545.0,27.0,513.9,197.0,33.0,20.0,12.0,515.0,62.0,38304.7,2018-01-31 19:29:05,2018.0,1.0,31.0,19.0,29.0,5.0,10.0,-1.0,0.1,1.0,0.0,30.0,6.0,-24.0,5.5,-130.0,101238.29999999999,31930.0,117614.59999999999,25562.0,8.0,33.0,0.0,0.25,0.25,0.5,1,black,0.75,0.25,0.0,0.0
63644988555.0,42.0,519.4,67.0,32.0,20.0,12.0,521.0,38.0,38304.8,2018-01-31 19:29:15,2018.0,1.0,31.0,19.0,29.0,15.0,10.0,0.0,0.1,1.0,0.10000000000582077,40.0,14.0,-55.0,10.9,-159.0,34799.799999999996,19798.0,152414.4,45360.0,8.0,33.0,0.0,0.2,0.2,0.6,1,black,0.6,0.4,0.0,0.0
63644988565.0,36.0,530.3,-92.0,32.0,20.0,12.0,535.0,-17.0,38304.9,2018-01-31 19:29:25,2018.0,1.0,31.0,19.0,29.0,25.0,10.0,0.0,0.1,1.0,0.20000000000436557,50.0,-14.0,62.0,-10.9,160.0,-48787.6,-9095.0,128020.59999999999,40812.5,8.0,33.0,0.0,0.3333333333333333,0.16666666666666666,0.5,3,orange,0.5,0.3333333333333333,0.0,0.16666666666666666
63644988575.0,45.0,519.4,68.0,32.0,20.0,12.0,521.0,45.0,38305.0,2018-01-31 19:29:35,2018.0,1.0,31.0,19.0,29.0,35.0,10.0,0.0,0.2,1.0,0.3000000000029104,60.0,1.0,-16.0,1.6,-20.0,35319.2,23445.0,163339.8,64257.5,8.0,33.0,0.0,0.2857142857142857,0.14285714285714285,0.5714285714285714,1,black,0.42857142857142855,0.42857142857142855,0.0,0.14285714285714285
63644988585.0,46.0,521.0,48.0,32.0,20.0,12.0,522.0,29.0,38305.2,2018-01-31 19:29:45,2018.0,1.0,31.0,19.0,29.0,45.0,10.0,0.0,0.1,1.0,0.5,70.0,1.0,-2.0,-0.2,-10.0,25008.0,15138.0,188347.8,79395.5,8.0,33.0,0.0,0.25,0.125,0.625,1,black,0.375,0.5,0.0,0.125
63644988595.0,46.0,520.8,38.0,32.0,20.0,12.0,523.0,27.0,38305.3,2018-01-31 19:29:55,2018.0,1.0,31.0,19.0,29.0,55.0,10.0,0.0,0.1,1.0,0.6000000000058208,80.0,1.0,-12.0,1.1,-8.0,19790.399999999998,14121.0,208138.19999999998,93516.5,8.0,33.0,0.0,0.2222222222222222,0.1111111111111111,0.6666666666666666,1,black,0.3333333333333333,0.5555555555555556,0.0,0.1111111111111111
63644988605.0,44.0,521.9,30.0,32.0,20.0,12.0,524.0,15.0,38305.4,2018-01-31 19:30:05,2018.0,1.0,31.0,19.0,30.0,5.0,10.0,0.0,0.1,1.0,0.7000000000043656,90.0,-1.0,5.0,-0.9,8.0,15657.0,7860.0,223795.19999999998,101376.5,8.0,33.0,0.0,0.2,0.1,0.7,1,black,0.3,0.6,0.0,0.1
63644988615.0,47.0,521.0,38.0,32.0,20.0,12.0,523.0,20.0,38305.5,2018-01-31 19:30:15,2018.0,1.0,31.0,19.0,30.0,15.0,10.0,0.0,0.2,1.0,0.8000000000029104,100.0,-2.0,20.0,-1.4,23.0,19798.0,10460.0,243593.19999999998,111836.5,8.0,33.0,0.0,0.18181818181818182,0.09090909090909091,0.7272727272727273,1,black,0.2727272727272727,0.6363636363636364,0.0,0.09090909090909091
63644988625.0,47.0,519.6,61.0,32.0,20.0,12.0,521.0,40.0,38305.7,2018-01-31 19:30:25,2018.0,1.0,31.0,19.0,30.0,25.0,10.0,0.0,0.1,1.0,1.0,110.0,1.0,-14.0,0.6,-12.0,31695.600000000002,20840.0,275288.8,132676.5,8.0,33.0,0.0,0.16666666666666666,0.08333333333333333,0.75,1,black,0.25,0.6666666666666666,0.0,0.08333333333333333
63644988635.0,47.0,520.2,49.0,32.0,20.0,12.0,522.0,26.0,38305.8,2018-01-31 19:30:35,2018.0,1.0,31.0,19.0,30.0,35.0,10.0,0.0,0.1,1.0,1.1000000000058208,120.0,0.0,0.0,-0.5,-7.0,25489.800000000003,13572.0,300778.6,146248.5,8.0,33.0,0.0,0.15384615384615385,0.07692307692307693,0.7692307692307693,1,black,0.23076923076923078,0.6923076923076923,0.0,0.07692307692307693
63644988645.0,49.0,519.7,42.0,32.0,20.0,12.0,522.0,26.0,38305.9,2018-01-31 19:30:45,2018.0,1.0,31.0,19.0,30.0,45.0,10.0,0.0,0.2,1.0,1.2000000000043656,130.0,1.0,5.0,1.2,11.0,21827.4,13572.0,322606.0,159820.5,8.0,33.0,0.0,0.14285714285714285,0.07142857142857142,0.7857142857142857,1,black,0.21428571428571427,0.7142857142857143,0.0,0.07142857142857142
63644988655.0,46.0,520.9,53.0,32.0,20.0,12.0,523.0,31.0,38306.1,2018-01-31 19:30:55,2018.0,1.0,31.0,19.0,30.0,55.0,10.0,0.0,0.1,1.0,1.4000000000014552,140.0,-1.0,0.0,-1.7,-5.0,27607.699999999997,16213.0,350213.7,176033.5,8.0,33.0,0.0,0.13333333333333333,0.06666666666666667,0.8,1,black,0.2,0.7333333333333333,0.0,0.06666666666666667
63644988665.0,47.0,519.2,48.0,32.0,20.0,12.0,522.0,31.0,38306.2,2018-01-31 19:31:05,2018.0,1.0,31.0,19.0,31.0,5.0,10.0,0.0,0.1,1.0,1.5,150.0,-1.0,5.0,0.5,-1.0,24921.600000000002,16182.0,375135.3,192215.5,8.0,33.0,0.0,0.125,0.0625,0.8125,1,black,0.1875,0.75,0.0,0.0625
63644988675.0,47.0,519.7,47.0,32.0,20.0,12.0,521.0,36.0,38306.3,2018-01-31 19:31:15,2018.0,1.0,31.0,19.0,31.0,15.0,10.0,0.0,0.2,1.0,1.6000000000058208,160.0,-2.0,11.0,-1.8,21.0,24425.9,18756.0,399561.2,210971.5,8.0,33.0,0.0,0.11764705882352941,0.058823529411764705,0.8235294117647058,1,black,0.17647058823529413,0.7647058823529411,0.0,0.058823529411764705
63644988685.0,49.0,517.9,68.0,32.0,20.0,12.0,519.0,47.0,38306.5,2018-01-31 19:31:25,2018.0,1.0,31.0,19.0,31.0,25.0,10.0,0.0,0.1,1.0,1.8000000000029104,170.0,4.0,-43.0,2.8,-53.0,35217.2,24393.0,434778.4,235364.5,8.0,33.0,0.0,0.1111111111111111,0.05555555555555555,0.8333333333333334,1,black,0.16666666666666666,0.7777777777777778,0.0,0.05555555555555555
63644988695.0,47.0,520.7,15.0,32.0,20.0,12.0,523.0,4.0,38306.6,2018-01-31 19:31:35,2018.0,1.0,31.0,19.0,31.0,35.0,10.0,0.0,0.1,1.0,1.9000000000014552,180.0,5.0,-4.0,6.2,-11.0,7810.500000000001,2092.0,442588.9,237456.5,8.0,33.0,0.0,0.10526315789473684,0.05263157894736842,0.8421052631578947,1,black,0.15789473684210525,0.7894736842105263,0.0,0.05263157894736842
63644988705.0,27.0,526.9,4.0,32.0,20.0,12.0,528.0,0.0,38306.7,2018-01-31 19:31:45,2018.0,1.0,31.0,19.0,31.0,45.0,10.0,0.0,0.1,1.0,2.0,190.0,-4.0,-11.0,-5.7,3.0,2107.6,0.0,444696.5,237456.5,8.0,33.0,0.0,0.1,0.1,0.8,1,black,0.15,0.8,0.0,0.05
63644988715.0,44.0,521.2,7.0,32.0,20.0,12.0,524.0,-11.0,38306.8,2018-01-31 19:31:55,2018.0,1.0,31.0,19.0,31.0,55.0,10.0,0.0,0.1,1.0,2.1000000000058208,200.0,2.0,-4.0,2.5,-9.0,3648.4000000000005,-5764.0,448344.9,234574.5,8.0,33.0,0.0,0.14285714285714285,0.09523809523809523,0.7619047619047619,1,black,0.14285714285714285,0.8095238095238095,0.0,0.047619047619047616
63644988725.0,41.0,523.7,-2.0,32.0,20.0,13.0,526.0,-15.0,38306.9,2018-01-31 19:32:05,2018.0,1.0,31.0,19.0,32.0,5.0,10.0,-1.0,0.1,2.0,2.2000000000043656,210.0,-15.0,70.0,-12.7,197.0,-1047.4,-7890.0,447821.2,230629.5,7.0,33.0,0.0,0.18181818181818182,0.09090909090909091,0.7272727272727273,3,orange,0.13636363636363635,0.7727272727272727,0.0,0.09090909090909091
63644988735.0,41.0,511.0,195.0,31.0,20.0,12.0,511.0,55.0,38307.0,2018-01-31 19:32:15,2018.0,1.0,31.0,19.0,32.0,15.0,10.0,0.0,0.1,2.0,2.3000000000029104,220.0,11.0,-42.0,9.1,-164.0,99645.0,28105.0,547466.2,258734.5,8.0,33.0,0.0,0.17391304347826086,0.08695652173913043,0.7391304347826086,1,black,0.13043478260869565,0.782608695652174,0.0,0.08695652173913043
63644988745.0,47.0,520.1,31.0,31.0,20.0,13.0,522.0,13.0,38307.1,2018-01-31 19:32:25,2018.0,1.0,31.0,19.0,32.0,25.0,10.0,0.0,0.2,2.0,2.400000000001455,230.0,-1.0,17.0,-0.7,23.0,16123.1,6786.0,563589.2999999999,265520.5,7.0,33.0,0.0,0.16666666666666666,0.08333333333333333,0.75,1,black,0.125,0.7916666666666666,0.0,0.08333333333333333
63644988755.0,49.0,519.4,54.0,31.0,20.0,13.0,521.0,30.0,38307.3,2018-01-31 19:32:35,2018.0,1.0,31.0,19.0,32.0,35.0,10.0,0.0,0.1,2.0,2.6000000000058208,240.0,1.0,-7.0,0.3,-13.0,28047.6,15630.0,591636.8999999999,281150.5,7.0,33.0,0.0,0.16,0.08,0.76,1,black,0.12,0.8,0.0,0.08
63644988765.0,50.0,519.7,41.0,31.0,20.0,13.0,522.0,23.0,38307.4,2018-01-31 19:32:45,2018.0,1.0,31.0,19.0,32.0,45.0,10.0,0.0,0.2,2.0,2.7000000000043656,250.0,12.0,-49.0,10.2,-157.0,21307.7,12006.0,612944.5999999999,293156.5,7.0,33.0,0.0,0.15384615384615385,0.07692307692307693,0.7692307692307693,1,black,0.11538461538461539,0.8076923076923077,0.0,0.07692307692307693
63644988775.0,42.0,529.9,-116.0,31.0,20.0,13.0,534.0,-26.0,38307.6,2018-01-31 19:32:55,2018.0,1.0,31.0,19.0,32.0,55.0,10.0,0.0,0.0,2.0,2.900000000001455,260.0,-20.0,134.0,-16.8,251.0,-61468.399999999994,-13884.0,582210.3999999999,286214.5,7.0,33.0,0.0,0.18518518518518517,0.07407407407407407,0.7407407407407407,3,orange,0.1111111111111111,0.7777777777777778,0.0,0.1111111111111111
63644988785.0,44.0,513.1,135.0,31.0,20.0,13.0,514.0,108.0,38307.6,2018-01-31 19:33:05,2018.0,1.0,31.0,19.0,33.0,5.0,10.0,-1.0,0.2,3.0,2.900000000001455,270.0,7.0,-91.0,6.6,-100.0,69268.5,55512.0,651478.8999999999,341726.5,7.0,33.0,0.0,0.17857142857142858,0.07142857142857142,0.75,2,green,0.10714285714285714,0.75,0.03571428571428571,0.10714285714285714
63644988795.0,46.0,519.7,35.0,30.0,20.0,13.0,521.0,17.0,38307.8,2018-01-31 19:33:15,2018.0,1.0,31.0,19.0,33.0,15.0,10.0,0.0,0.1,3.0,3.1000000000058208,280.0,1.0,9.0,0.1,9.0,18189.5,8857.0,669668.3999999999,350583.5,7.0,33.0,0.0,0.1724137931034483,0.06896551724137931,0.7586206896551724,1,black,0.10344827586206896,0.7586206896551724,0.034482758620689655,0.10344827586206896
63644988805.0,44.0,519.8,44.0,30.0,20.0,13.0,522.0,26.0,38307.9,2018-01-31 19:33:25,2018.0,1.0,31.0,19.0,33.0,25.0,10.0,0.0,0.1,3.0,3.2000000000043656,290.0,2.0,-18.0,3.2,-32.0,22871.199999999997,13572.0,692539.5999999999,364155.5,7.0,33.0,0.0,0.16666666666666666,0.06666666666666667,0.7666666666666667,1,black,0.1,0.7666666666666667,0.03333333333333333,0.1
63644988815.0,42.0,523.0,12.0,30.0,20.0,13.0,524.0,8.0,38308.0,2018-01-31 19:33:35,2018.0,1.0,31.0,19.0,33.0,35.0,10.0,0.0,0.1,3.0,3.3000000000029104,300.0,1.0,-23.0,0.2,-14.0,6276.0,4192.0,698815.5999999999,368347.5,7.0,33.0,0.0,0.16129032258064516,0.06451612903225806,0.7741935483870968,1,black,0.0967741935483871,0.7741935483870968,0.03225806451612903,0.0967741935483871
63644988825.0,40.0,523.2,-2.0,30.0,20.0,13.0,525.0,-15.0,38308.1,2018-01-31 19:33:45,2018.0,1.0,31.0,19.0,33.0,45.0,10.0,0.0,0.1,3.0,3.400000000001455,310.0,-10.0,110.0,-9.0,121.0,-1046.4,-7875.0,698292.3999999999,364410.0,7.0,33.0,0.0,0.1875,0.0625,0.75,3,orange,0.09375,0.75,0.03125,0.125
63644988835.0,42.0,514.2,119.0,30.0,20.0,13.0,515.0,95.0,38308.2,2018-01-31 19:33:55,2018.0,1.0,31.0,19.0,33.0,55.0,10.0,0.0,0.2,3.0,3.5,320.0,7.0,-80.0,4.7,-75.0,61189.8,48925.0,759482.2,413335.0,7.0,33.0,0.0,0.18181818181818182,0.06060606060606061,0.7575757575757576,2,green,0.09090909090909091,0.7272727272727273,0.06060606060606061,0.12121212121212122
63644988845.0,46.0,518.9,44.0,30.0,20.0,13.0,522.0,15.0,38308.4,2018-01-31 19:34:05,2018.0,1.0,31.0,19.0,34.0,5.0,10.0,0.0,0.1,3.0,3.7000000000043656,330.0,0.0,4.0,0.7,0.0,22831.6,7830.0,782313.7999999999,421165.0,7.0,33.0,0.0,0.17647058823529413,0.058823529411764705,0.7647058823529411,1,black,0.08823529411764706,0.7352941176470589,0.058823529411764705,0.11764705882352941
63644988855.0,47.0,519.6,44.0,30.0,20.0,13.0,522.0,19.0,38308.5,2018-01-31 19:34:15,2018.0,1.0,31.0,19.0,34.0,15.0,10.0,0.0,0.1,3.0,3.8000000000029104,340.0,12.0,-35.0,11.9,-148.0,22862.4,9918.0,805176.2,431083.0,7.0,33.0,0.0,0.17142857142857143,0.05714285714285714,0.7714285714285715,1,black,0.08571428571428572,0.7428571428571429,0.05714285714285714,0.11428571428571428
63644988865.0,32.0,531.5,-104.0,30.0,20.0,13.0,534.0,-16.0,38308.6,2018-01-31 19:34:25,2018.0,1.0,31.0,19.0,34.0,25.0,10.0,0.0,0.1,3.0,3.900000000001455,350.0,-19.0,118.0,-17.3,230.0,-55276.0,-8544.0,777538.2,426811.0,7.0,33.0,0.0,0.19444444444444445,0.05555555555555555,0.75,3,orange,0.08333333333333333,0.7222222222222222,0.05555555555555555,0.1388888888888889
63644988875.0,41.0,514.2,126.0,30.0,20.0,13.0,515.0,102.0,38308.7,2018-01-31 19:34:35,2018.0,1.0,31.0,19.0,34.0,35.0,10.0,0.0,0.1,3.0,4.0,360.0,5.0,-73.0,4.2,-75.0,64789.200000000004,52530.0,842327.3999999999,479341.0,7.0,33.0,0.0,0.1891891891891892,0.05405405405405406,0.7567567567567568,2,green,0.08108108108108109,0.7027027027027027,0.08108108108108109,0.13513513513513514
63644988885.0,46.0,518.4,51.0,30.0,20.0,13.0,520.0,29.0,38308.8,2018-01-31 19:34:45,2018.0,1.0,31.0,19.0,34.0,45.0,10.0,0.0,0.1,3.0,4.100000000005821,370.0,2.0,-4.0,1.0,-2.0,26438.399999999998,15080.0,868765.7999999999,494421.0,7.0,33.0,0.0,0.18421052631578946,0.05263157894736842,0.7631578947368421,1,black,0.07894736842105263,0.7105263157894737,0.07894736842105263,0.13157894736842105
63644988895.0,46.0,519.4,49.0,30.0,20.0,13.0,522.0,25.0,38308.9,2018-01-31 19:34:55,2018.0,1.0,31.0,19.0,34.0,55.0,10.0,0.0,0.2,3.0,4.200000000004366,380.0,3.0,-40.0,3.6,-51.0,25450.6,13050.0,894216.3999999999,507471.0,7.0,33.0,0.0,0.1794871794871795,0.05128205128205128,0.7692307692307693,1,black,0.07692307692307693,0.717948717948718,0.07692307692307693,0.1282051282051282
63644988905.0,42.0,523.0,-2.0,30.0,20.0,13.0,525.0,-15.0,38309.1,2018-01-31 19:35:05,2018.0,1.0,31.0,19.0,35.0,5.0,10.0,0.0,0.1,3.0,4.400000000001455,390.0,2.0,-15.0,1.9,4.0,-1046.0,-7875.0,893693.3999999999,503533.5,7.0,33.0,0.0,0.2,0.05,0.75,1,black,0.075,0.725,0.075,0.125
63644988915.0,32.0,524.9,2.0,30.0,20.0,13.0,527.0,-30.0,38309.2,2018-01-31 19:35:15,2018.0,1.0,31.0,19.0,35.0,15.0,10.0,0.0,0.1,3.0,4.5,400.0,-9.0,82.0,-8.9,78.0,1049.8,-15810.0,894743.2,495628.5,7.0,33.0,0.0,0.21951219512195122,0.04878048780487805,0.7317073170731707,3,orange,0.07317073170731707,0.7073170731707317,0.07317073170731707,0.14634146341463414
63644988925.0,45.0,516.0,80.0,30.0,20.0,13.0,518.0,52.0,38309.3,2018-01-31 19:35:25,2018.0,1.0,31.0,19.0,35.0,25.0,10.0,0.0,0.1,3.0,4.600000000005821,410.0,4.0,-33.0,4.2,-42.0,41280.0,26936.0,936023.2,522564.5,7.0,33.0,0.0,0.21428571428571427,0.047619047619047616,0.7380952380952381,1,black,0.07142857142857142,0.7142857142857143,0.07142857142857142,0.14285714285714285
63644988935.0,46.0,520.2,38.0,30.0,20.0,13.0,522.0,19.0,38309.4,2018-01-31 19:35:35,2018.0,1.0,31.0,19.0,35.0,35.0,10.0,0.0,0.1,3.0,4.700000000004366,420.0,8.0,-33.0,4.4,-105.0,19767.600000000002,9918.0,955790.7999999999,532482.5,7.0,33.0,0.0,0.20930232558139536,0.046511627906976744,0.7441860465116279,1,black,0.06976744186046512,0.7209302325581395,0.06976744186046512,0.13953488372093023
63644988945.0,45.0,524.6,-67.0,30.0,20.0,13.0,530.0,-14.0,38309.5,2018-01-31 19:35:45,2018.0,1.0,31.0,19.0,35.0,45.0,10.0,0.0,0.1,3.0,4.80000000000291,430.0,-5.0,-2.0,-1.8,64.0,-35148.200000000004,-7420.0,938216.7,528772.5,7.0,33.0,0.0,0.22727272727272727,0.045454545454545456,0.7272727272727273,1,black,0.06818181818181818,0.7272727272727273,0.06818181818181818,0.13636363636363635
63644988955.0,44.0,522.8,-3.0,30.0,20.0,13.0,525.0,-16.0,38309.6,2018-01-31 19:35:55,2018.0,1.0,31.0,19.0,35.0,55.0,10.0,0.0,0.2,3.0,4.900000000001455,440.0,-3.0,44.0,-2.9,50.0,-1568.3999999999999,-8400.0,937432.5,524572.5,7.0,33.0,0.0,0.24444444444444444,0.044444444444444446,0.7111111111111111,1,black,0.06666666666666667,0.7333333333333333,0.06666666666666667,0.13333333333333333
63644988965.0,42.0,519.9,47.0,30.0,20.0,13.0,522.0,28.0,38309.8,2018-01-31 19:36:05,2018.0,1.0,31.0,19.0,36.0,5.0,10.0,0.0,0.1,3.0,5.100000000005821,450.0,11.0,-56.0,9.3,-160.0,24435.3,14616.0,961867.8,539188.5,7.0,33.0,0.0,0.2391304347826087,0.043478260869565216,0.717391304347826,1,black,0.06521739130434782,0.7391304347826086,0.06521739130434782,0.13043478260869565
63644988975.0,38.0,529.2,-113.0,30.0,20.0,13.0,533.0,-28.0,38309.9,2018-01-31 19:36:15,2018.0,1.0,31.0,19.0,36.0,15.0,10.0,0.0,0.1,3.0,5.200000000004366,460.0,-14.0,28.0,-10.1,218.0,-59799.600000000006,-14924.0,931968.0,531726.5,7.0,33.0,0.0,0.2553191489361702,0.0425531914893617,0.7021276595744681,1,black,0.06382978723404255,0.7446808510638298,0.06382978723404255,0.1276595744680851
63644988985.0,27.0,519.1,105.0,30.0,20.0,13.0,519.0,0.0,38310.0,2018-01-31 19:36:25,2018.0,1.0,31.0,19.0,36.0,25.0,10.0,0.0,0.0,3.0,5.30000000000291,470.0,12.0,-68.0,9.2,-157.0,54505.5,0.0,986473.5,531726.5,7.0,33.0,0.0,0.25,0.0625,0.6875,1,black,0.0625,0.75,0.0625,0.125
63644988995.0,19.0,528.3,-52.0,30.0,20.0,13.0,531.0,-68.0,38310.0,2018-01-31 19:36:35,2018.0,1.0,31.0,19.0,36.0,35.0,10.0,0.0,0.1,3.0,5.30000000000291,480.0,-15.0,71.0,-13.4,187.0,-27471.6,-36108.0,972737.7,513672.5,7.0,33.0,0.0,0.2653061224489796,0.061224489795918366,0.673469387755102,3,orange,0.061224489795918366,0.7346938775510204,0.061224489795918366,0.14285714285714285
63644989005.0,32.0,514.9,135.0,30.0,21.0,13.0,516.0,3.0,38310.1,2018-01-31 19:36:45,2018.0,1.0,31.0,19.0,36.0,45.0,10.0,-1.0,0.1,4.0,5.400000000001455,490.0,3.0,39.0,1.9,-73.0,69511.5,1548.0,1042249.2,515220.5,8.0,33.0,0.0,0.26,0.06,0.68,1,black,0.06,0.74,0.06,0.14
63644989015.0,46.0,516.8,62.0,29.0,21.0,13.0,519.0,42.0,38310.2,2018-01-31 19:36:55,2018.0,1.0,31.0,19.0,36.0,55.0,10.0,0.0,0.1,4.0,5.5,500.0,2.0,-21.0,3.2,-25.0,32041.6,21798.0,1074290.8,537018.5,8.0,33.0,0.0,0.2549019607843137,0.058823529411764705,0.6862745098039216,1,black,0.058823529411764705,0.7450980392156863,0.058823529411764705,0.13725490196078433
63644989025.0,46.0,520.0,37.0,29.0,21.0,13.0,521.0,21.0,38310.3,2018-01-31 19:37:05,2018.0,1.0,31.0,19.0,37.0,5.0,10.0,0.0,0.2,4.0,5.600000000005821,510.0,-2.0,31.0,-2.8,48.0,19240.0,10941.0,1093530.8,547959.5,8.0,33.0,0.0,0.25,0.057692307692307696,0.6923076923076923,1,black,0.057692307692307696,0.75,0.057692307692307696,0.1346153846153846
63644989035.0,47.0,517.2,85.0,29.0,21.0,13.0,519.0,52.0,38310.5,2018-01-31 19:37:15,2018.0,1.0,31.0,19.0,37.0,15.0,10.0,0.0,0.1,4.0,5.80000000000291,520.0,0.0,24.0,1.0,9.0,43962.00000000001,26988.0,1137492.8,574947.5,8.0,33.0,0.0,0.24528301886792453,0.05660377358490566,0.6981132075471698,1,black,0.05660377358490566,0.7547169811320755,0.05660377358490566,0.1320754716981132
63644989045.0,44.0,518.2,94.0,29.0,21.0,13.0,519.0,76.0,38310.6,2018-01-31 19:37:25,2018.0,1.0,31.0,19.0,37.0,25.0,10.0,0.0,0.1,4.0,5.900000000001455,530.0,-5.0,-62.0,-5.0,59.0,48710.8,39444.0,1186203.6,614391.5,8.0,33.0,0.0,0.24074074074074073,0.05555555555555555,0.7037037037037037,2,green,0.05555555555555555,0.7407407407407407,0.07407407407407407,0.12962962962962962
63644989055.0,45.0,513.2,153.0,29.0,21.0,13.0,514.0,14.0,38310.7,2018-01-31 19:37:35,2018.0,1.0,31.0,19.0,37.0,35.0,10.0,-1.0,0.1,5.0,6.0,540.0,5.0,33.0,4.4,-89.0,78519.6,7196.0,1264723.2000000002,621587.5,8.0,33.0,0.0,0.23636363636363636,0.05454545454545454,0.7090909090909091,1,black,0.05454545454545454,0.7454545454545455,0.07272727272727272,0.12727272727272726
63644989065.0,46.0,517.6,64.0,28.0,21.0,13.0,519.0,47.0,38310.8,2018-01-31 19:37:45,2018.0,1.0,31.0,19.0,37.0,45.0,10.0,0.0,0.1,5.0,6.100000000005821,550.0,6.0,-62.0,5.3,-66.0,33126.4,24393.0,1297849.6,645980.5,8.0,33.0,0.0,0.23214285714285715,0.05357142857142857,0.7142857142857143,2,green,0.05357142857142857,0.7321428571428571,0.08928571428571429,0.125
63644989075.0,41.0,522.9,-2.0,28.0,21.0,13.0,525.0,-15.0,38310.9,2018-01-31 19:37:55,2018.0,1.0,31.0,19.0,37.0,55.0,10.0,0.0,0.1,5.0,6.200000000004366,560.0,6.0,-32.0,6.5,-62.0,-1045.8,-7875.0,1297326.7000000002,642043.0,8.0,33.0,0.0,0.24561403508771928,0.05263157894736842,0.7017543859649122,1,black,0.05263157894736842,0.7368421052631579,0.08771929824561403,0.12280701754385964
63644989085.0,21.0,529.4,-64.0,28.0,21.0,13.0,531.0,-47.0,38311.0,2018-01-31 19:38:05,2018.0,1.0,31.0,19.0,38.0,5.0,10.0,0.0,0.1,5.0,6.30000000000291,570.0,-9.0,104.0,-9.4,146.0,-33881.6,-24957.0,1280385.9000000001,629564.5,8.0,33.0,0.0,0.25862068965517243,0.05172413793103448,0.6896551724137931,3,orange,0.05172413793103448,0.7241379310344828,0.08620689655172414,0.13793103448275862
63644989095.0,19.0,520.0,82.0,28.0,21.0,13.0,522.0,57.0,38311.1,2018-01-31 19:38:15,2018.0,1.0,31.0,19.0,38.0,15.0,10.0,0.0,0.1,5.0,6.400000000001455,580.0,-11.0,14.0,-9.2,128.0,42640.0,29754.0,1323025.9000000001,659318.5,8.0,33.0,0.0,0.2542372881355932,0.05084745762711865,0.6949152542372882,1,black,0.05084745762711865,0.7288135593220338,0.0847457627118644,0.13559322033898305
63644989105.0,36.0,510.8,210.0,28.0,21.0,13.0,511.0,71.0,38311.2,2018-01-31 19:38:25,2018.0,1.0,31.0,19.0,38.0,25.0,10.0,0.0,0.1,5.0,6.5,590.0,14.0,-86.0,11.9,-211.0,107268.0,36281.0,1430293.9000000001,695599.5,8.0,33.0,0.0,0.25,0.05,0.7,2,green,0.05,0.7166666666666667,0.1,0.13333333333333333
63644989115.0,40.0,522.7,-1.0,28.0,21.0,13.0,525.0,-15.0,38311.3,2018-01-31 19:38:35,2018.0,1.0,31.0,19.0,38.0,35.0,10.0,0.0,0.1,5.0,6.600000000005821,600.0,0.0,-9.0,0.4,-1.0,-522.7,-7875.0,1430032.55,691662.0,8.0,33.0,0.0,0.26229508196721313,0.04918032786885246,0.6885245901639344,1,black,0.04918032786885246,0.7213114754098361,0.09836065573770492,0.13114754098360656
63644989125.0,40.0,523.1,-2.0,28.0,21.0,14.0,525.0,-24.0,38311.4,2018-01-31 19:38:45,2018.0,1.0,31.0,19.0,38.0,45.0,10.0,0.0,0.1,5.0,6.700000000004366,610.0,-1.0,58.0,1.1,7.0,-1046.2,-12600.0,1429509.45,685362.0,7.0,33.0,0.0,0.27419354838709675,0.04838709677419355,0.6774193548387096,3,orange,0.04838709677419355,0.7096774193548387,0.0967741935483871,0.14516129032258066
63644989135.0,31.0,524.2,5.0,28.0,21.0,14.0,524.0,34.0,38311.5,2018-01-31 19:38:55,2018.0,1.0,31.0,19.0,38.0,55.0,10.0,0.0,0.0,5.0,6.80000000000291,620.0,2.0,-40.0,-0.7,1.0,2621.0,17816.0,1432130.45,703178.0,7.0,33.0,0.0,0.2698412698412698,0.047619047619047616,0.6825396825396826,1,black,0.047619047619047616,0.7142857142857143,0.09523809523809523,0.14285714285714285
63644989145.0,29.0,523.5,6.0,28.0,21.0,14.0,526.0,-6.0,38311.5,2018-01-31 19:39:05,2018.0,1.0,31.0,19.0,39.0,5.0,10.0,0.0,0.1,5.0,6.80000000000291,630.0,2.0,-10.0,2.9,-9.0,3141.0,-3156.0,1435271.45,701600.0,7.0,33.0,0.0,0.28125,0.046875,0.671875,1,black,0.046875,0.71875,0.09375,0.140625
63644989155.0,6.0,526.4,-3.0,28.0,21.0,14.0,528.0,-16.0,38311.6,2018-01-31 19:39:15,2018.0,1.0,31.0,19.0,39.0,15.0,10.0,0.0,0.0,5.0,6.900000000001455,640.0,-16.0,98.0,-13.5,204.0,-1579.1999999999998,-8448.0,1434481.8499999999,697376.0,7.0,33.0,0.0,0.2923076923076923,0.046153846153846156,0.6615384615384615,3,orange,0.046153846153846156,0.7076923076923077,0.09230769230769231,0.15384615384615385
63644989165.0,27.0,512.9,201.0,28.0,21.0,14.0,512.0,82.0,38311.6,2018-01-31 19:39:25,2018.0,1.0,31.0,19.0,39.0,25.0,10.0,0.0,0.1,5.0,6.900000000001455,650.0,19.0,-165.0,16.1,-271.0,103092.9,41984.0,1537574.7499999998,739360.0,7.0,33.0,0.0,0.2878787878787879,0.045454545454545456,0.6666666666666666,2,green,0.045454545454545456,0.696969696969697,0.10606060606060606,0.15151515151515152
63644989175.0,22.0,529.0,-70.0,28.0,21.0,14.0,531.0,-83.0,38311.7,2018-01-31 19:39:35,2018.0,1.0,31.0,19.0,39.0,35.0,10.0,0.0,0.1,5.0,7.0,660.0,-9.0,107.0,-8.9,114.0,-37030.0,-44073.0,1519059.7499999998,717323.5,7.0,33.0,0.0,0.29850746268656714,0.04477611940298507,0.6567164179104478,3,orange,0.04477611940298507,0.6865671641791045,0.1044776119402985,0.16417910447761194
63644989185.0,35.0,520.1,44.0,28.0,21.0,14.0,522.0,24.0,38311.8,2018-01-31 19:39:45,2018.0,1.0,31.0,19.0,39.0,45.0,10.0,0.0,0.1,5.0,7.100000000005821,670.0,9.0,-94.0,8.8,-99.0,22884.4,12528.0,1541944.1499999997,729851.5,7.0,33.0,0.0,0.29411764705882354,0.04411764705882353,0.6617647058823529,2,green,0.04411764705882353,0.6764705882352942,0.11764705882352941,0.16176470588235295
63644989195.0,19.0,528.9,-55.0,28.0,21.0,14.0,531.0,-70.0,38311.9,2018-01-31 19:39:55,2018.0,1.0,31.0,19.0,39.0,55.0,10.0,0.0,0.0,5.0,7.200000000004366,680.0,-6.0,94.0,-5.4,93.0,-29089.5,-37170.0,1527399.3999999997,711266.5,7.0,33.0,0.0,0.30434782608695654,0.043478260869565216,0.6521739130434783,3,orange,0.043478260869565216,0.6666666666666666,0.11594202898550725,0.17391304347826086
63644989205.0,9.0,523.5,38.0,28.0,22.0,14.0,525.0,24.0,38311.9,2018-01-31 19:40:05,2018.0,1.0,31.0,19.0,40.0,5.0,10.0,0.0,0.1,5.0,7.200000000004366,690.0,-3.0,34.0,-1.5,20.0,19893.0,12600.0,1547292.3999999997,723866.5,8.0,33.0,0.0,0.3,0.04285714285714286,0.6571428571428571,0,red,0.05714285714285714,0.6571428571428571,0.11428571428571428,0.17142857142857143
63644989215.0,21.0,522.0,58.0,28.0,22.0,14.0,522.0,58.0,38312.0,2018-01-31 19:40:15,2018.0,1.0,31.0,19.0,40.0,15.0,10.0,0.0,0.1,5.0,7.30000000000291,700.0,-6.0,37.0,-7.4,70.0,30276.0,30276.0,1577568.3999999997,754142.5,8.0,33.0,0.0,0.29577464788732394,0.04225352112676056,0.6619718309859155,1,black,0.056338028169014086,0.6619718309859155,0.11267605633802817,0.16901408450704225
63644989225.0,41.0,514.6,128.0,28.0,22.0,14.0,516.0,95.0,38312.1,2018-01-31 19:40:25,2018.0,1.0,31.0,19.0,40.0,25.0,10.0,0.0,0.1,5.0,7.400000000001455,710.0,5.0,-85.0,4.1,-93.0,65868.8,49020.0,1643437.1999999997,803162.5,8.0,33.0,0.0,0.2916666666666667,0.041666666666666664,0.6666666666666666,2,green,0.05555555555555555,0.6527777777777778,0.125,0.16666666666666666
63644989235.0,49.0,518.7,35.0,28.0,22.0,14.0,521.0,10.0,38312.2,2018-01-31 19:40:35,2018.0,1.0,31.0,19.0,40.0,35.0,10.0,0.0,0.1,5.0,7.5,720.0,2.0,19.0,4.1,-9.0,18154.5,5210.0,1661591.6999999997,808372.5,8.0,33.0,0.0,0.2876712328767123,0.0410958904109589,0.6712328767123288,1,black,0.0547945205479452,0.6575342465753424,0.1232876712328767,0.1643835616438356
63644989245.0,41.0,522.8,26.0,28.0,22.0,14.0,523.0,29.0,38312.3,2018-01-31 19:40:45,2018.0,1.0,31.0,19.0,40.0,45.0,10.0,0.0,0.1,5.0,7.600000000005821,730.0,-2.0,6.0,-4.1,48.0,13592.8,15167.0,1675184.4999999998,823539.5,8.0,33.0,0.0,0.28378378378378377,0.04054054054054054,0.6756756756756757,1,black,0.05405405405405406,0.6621621621621622,0.12162162162162163,0.16216216216216217
63644989255.0,38.0,518.7,74.0,28.0,22.0,14.0,521.0,35.0,38312.4,2018-01-31 19:40:55,2018.0,1.0,31.0,19.0,40.0,55.0,10.0,0.0,0.1,5.0,7.700000000004366,740.0,-1.0,5.0,-0.2,-11.0,38383.8,18235.0,1713568.2999999998,841774.5,8.0,33.0,0.0,0.28,0.04,0.68,1,black,0.05333333333333334,0.6666666666666666,0.12,0.16
63644989265.0,42.0,518.5,63.0,28.0,22.0,14.0,520.0,40.0,38312.5,2018-01-31 19:41:05,2018.0,1.0,31.0,19.0,41.0,5.0,10.0,0.0,0.1,5.0,7.80000000000291,750.0,4.0,-43.0,4.3,-68.0,32665.5,20800.0,1746233.7999999998,862574.5,8.0,33.0,0.0,0.27631578947368424,0.039473684210526314,0.6842105263157895,1,black,0.05263157894736842,0.6710526315789473,0.11842105263157894,0.15789473684210525
63644989275.0,42.0,522.8,-5.0,28.0,22.0,14.0,524.0,-3.0,38312.6,2018-01-31 19:41:15,2018.0,1.0,31.0,19.0,41.0,15.0,10.0,0.0,0.1,5.0,7.900000000001455,760.0,2.0,-12.0,0.9,5.0,-2614.0,-1572.0,1744926.7999999998,861788.5,8.0,33.0,0.0,0.2857142857142857,0.03896103896103896,0.6753246753246753,1,black,0.05194805194805195,0.6753246753246753,0.11688311688311688,0.15584415584415584
63644989285.0,38.0,523.7,0.0,28.0,22.0,14.0,526.0,-15.0,38312.7,2018-01-31 19:41:25,2018.0,1.0,31.0,19.0,41.0,25.0,10.0,0.0,0.1,5.0,8.0,770.0,5.0,-59.0,5.2,-59.0,0.0,-7890.0,1744926.7999999998,857843.5,8.0,33.0,0.0,0.2948717948717949,0.038461538461538464,0.6666666666666666,1,black,0.05128205128205128,0.6794871794871795,0.11538461538461539,0.15384615384615385
63644989295.0,19.0,528.9,-59.0,28.0,22.0,14.0,531.0,-74.0,38312.8,2018-01-31 19:41:35,2018.0,1.0,31.0,19.0,41.0,35.0,10.0,0.0,0.0,5.0,8.10000000000582,780.0,-4.0,74.0,-4.1,72.0,-31205.1,-39294.0,1729324.2499999998,838196.5,8.0,33.0,0.0,0.3037974683544304,0.0379746835443038,0.6582278481012658,3,orange,0.05063291139240506,0.6708860759493671,0.11392405063291139,0.16455696202531644
63644989305.0,0.0,524.8,13.0,28.0,22.0,14.0,527.0,0.0,38312.8,2018-01-31 19:41:45,2018.0,1.0,31.0,19.0,41.0,45.0,10.0,0.0,0.0,5.0,8.10000000000582,790.0,0.0,0.0,-0.1,-1.0,6822.4,0.0,1736146.6499999997,838196.5,8.0,33.0,0.0,0.3,0.05,0.65,0,red,0.0625,0.6625,0.1125,0.1625
63644989315.0,0.0,524.7,12.0,28.0,22.0,14.0,527.0,0.0,38312.8,2018-01-31 19:41:55,2018.0,1.0,31.0,19.0,41.0,55.0,10.0,0.0,0.0,5.0,8.10000000000582,800.0,0.0,0.0,0.0,0.0,6296.400000000001,0.0,1742443.0499999996,838196.5,8.0,33.0,0.0,0.2962962962962963,0.06172839506172839,0.6419753086419753,0,red,0.07407407407407407,0.654320987654321,0.1111111111111111,0.16049382716049382
63644989325.0,0.0,524.7,12.0,28.0,22.0,14.0,527.0,0.0,38312.8,2018-01-31 19:42:05,2018.0,1.0,31.0,19.0,42.0,5.0,10.0,0.0,0.1,5.0,8.10000000000582,810.0,-2.0,0.0,-4.0,34.0,6296.400000000001,0.0,1748739.4499999995,838196.5,8.0,33.0,0.0,0.2926829268292683,0.07317073170731707,0.6341463414634146,0,red,0.08536585365853659,0.6463414634146342,0.10975609756097561,0.15853658536585366
63644989335.0,18.0,520.7,46.0,28.0,22.0,14.0,525.0,0.0,38312.9,2018-01-31 19:42:15,2018.0,1.0,31.0,19.0,42.0,15.0,10.0,0.0,0.0,5.0,8.200000000004366,820.0,0.0,3.0,1.6,-16.0,23952.2,0.0,1772691.6499999994,838196.5,8.0,33.0,0.0,0.2891566265060241,0.08433734939759036,0.6265060240963856,0,red,0.0963855421686747,0.6385542168674698,0.10843373493975904,0.1566265060240964
63644989345.0,21.0,522.3,30.0,28.0,22.0,14.0,525.0,3.0,38312.9,2018-01-31 19:42:25,2018.0,1.0,31.0,19.0,42.0,25.0,10.0,0.0,0.1,5.0,8.200000000004366,830.0,-12.0,64.0,-8.9,165.0,15668.999999999998,1575.0,1788360.6499999994,839771.5,8.0,33.0,0.0,0.2857142857142857,0.08333333333333333,0.6309523809523809,0,red,0.10714285714285714,0.6309523809523809,0.10714285714285714,0.15476190476190477
63644989355.0,35.0,513.4,195.0,28.0,22.0,14.0,513.0,67.0,38313.0,2018-01-31 19:42:35,2018.0,1.0,31.0,19.0,42.0,35.0,10.0,-1.0,0.1,6.0,8.30000000000291,840.0,10.0,-63.0,6.4,-153.0,100113.0,34371.0,1888473.6499999994,874142.5,8.0,33.0,0.0,0.2823529411764706,0.08235294117647059,0.6352941176470588,2,green,0.10588235294117647,0.6235294117647059,0.11764705882352941,0.15294117647058825
63644989365.0,42.0,519.8,42.0,27.0,22.0,14.0,523.0,4.0,38313.1,2018-01-31 19:42:45,2018.0,1.0,31.0,19.0,42.0,45.0,10.0,0.0,0.1,6.0,8.400000000001455,850.0,3.0,-18.0,4.2,-42.0,21831.6,2092.0,1910305.2499999995,876234.5,8.0,33.0,0.0,0.27906976744186046,0.08139534883720931,0.6395348837209303,1,black,0.10465116279069768,0.627906976744186,0.11627906976744186,0.1511627906976744
63644989375.0,36.0,524.0,0.0,27.0,22.0,14.0,526.0,-14.0,38313.2,2018-01-31 19:42:55,2018.0,1.0,31.0,19.0,42.0,55.0,10.0,0.0,0.1,6.0,8.5,860.0,3.0,-49.0,0.9,1.0,0.0,-7364.0,1910305.2499999995,872552.5,8.0,33.0,0.0,0.28735632183908044,0.08045977011494253,0.632183908045977,1,black,0.10344827586206896,0.632183908045977,0.11494252873563218,0.14942528735632185
63644989385.0,26.0,524.9,1.0,27.0,23.0,14.0,529.0,-63.0,38313.3,2018-01-31 19:43:05,2018.0,1.0,31.0,19.0,43.0,5.0,10.0,0.0,0.1,6.0,8.60000000000582,870.0,-2.0,58.0,-0.5,11.0,524.9,-33327.0,1910830.1499999994,855889.0,9.0,33.0,0.0,0.29545454545454547,0.07954545454545454,0.625,3,orange,0.10227272727272728,0.625,0.11363636363636363,0.1590909090909091
63644989395.0,22.0,524.4,12.0,27.0,23.0,14.0,527.0,-5.0,38313.4,2018-01-31 19:43:15,2018.0,1.0,31.0,19.0,43.0,15.0,10.0,0.0,0.0,6.0,8.700000000004366,880.0,2.0,-35.0,2.5,-42.0,6292.799999999999,-2635.0,1917122.9499999995,854571.5,9.0,33.0,0.0,0.30337078651685395,0.07865168539325842,0.6179775280898876,1,black,0.10112359550561797,0.6292134831460674,0.11235955056179775,0.15730337078651685
63644989405.0,13.0,526.9,-30.0,27.0,23.0,14.0,529.0,-40.0,38313.4,2018-01-31 19:43:25,2018.0,1.0,31.0,19.0,43.0,25.0,10.0,0.0,0.0,6.0,8.700000000004366,890.0,-5.0,79.0,-5.1,92.0,-15807.0,-21160.0,1909219.4499999995,843991.5,9.0,33.0,0.0,0.3111111111111111,0.07777777777777778,0.6111111111111112,3,orange,0.1,0.6222222222222222,0.1111111111111111,0.16666666666666666
63644989415.0,14.0,521.8,62.0,27.0,23.0,15.0,524.0,39.0,38313.4,2018-01-31 19:43:35,2018.0,1.0,31.0,19.0,43.0,35.0,10.0,0.0,0.1,6.0,8.700000000004366,900.0,3.0,-39.0,3.5,-59.0,32351.6,20436.0,1941571.0499999996,864427.5,8.0,33.0,0.0,0.3076923076923077,0.07692307692307693,0.6153846153846154,0,red,0.10989010989010989,0.6153846153846154,0.10989010989010989,0.16483516483516483
63644989425.0,14.0,525.3,3.0,27.0,23.0,15.0,527.0,0.0,38313.5,2018-01-31 19:43:45,2018.0,1.0,31.0,19.0,43.0,45.0,10.0,0.0,0.0,6.0,8.80000000000291,910.0,0.0,0.0,-0.6,1.0,1575.8999999999999,0.0,1943146.9499999995,864427.5,8.0,33.0,0.0,0.30434782608695654,0.08695652173913043,0.6086956521739131,0,red,0.11956521739130435,0.6086956521739131,0.10869565217391304,0.16304347826086957
63644989435.0,18.0,524.7,4.0,27.0,23.0,15.0,527.0,0.0,38313.5,2018-01-31 19:43:55,2018.0,1.0,31.0,19.0,43.0,55.0,10.0,0.0,0.1,6.0,8.80000000000291,920.0,-2.0,28.0,-1.1,30.0,2098.8,0.0,1945245.7499999995,864427.5,8.0,33.0,0.0,0.3010752688172043,0.0967741935483871,0.6021505376344086,0,red,0.12903225806451613,0.6021505376344086,0.10752688172043011,0.16129032258064516
63644989445.0,18.0,523.6,34.0,27.0,23.0,15.0,525.0,28.0,38313.6,2018-01-31 19:44:05,2018.0,1.0,31.0,19.0,44.0,5.0,10.0,0.0,0.0,6.0,8.900000000001455,930.0,1.0,-18.0,0.0,-9.0,17802.4,14700.0,1963048.1499999994,879127.5,8.0,33.0,0.0,0.2978723404255319,0.09574468085106383,0.6063829787234043,0,red,0.13829787234042554,0.5957446808510638,0.10638297872340426,0.1595744680851064
63644989455.0,22.0,523.6,25.0,27.0,23.0,15.0,526.0,10.0,38313.6,2018-01-31 19:44:15,2018.0,1.0,31.0,19.0,44.0,15.0,10.0,0.0,0.1,6.0,8.900000000001455,940.0,-1.0,32.0,-0.3,23.0,13090.0,5260.0,1976138.1499999994,884387.5,8.0,33.0,0.0,0.29473684210526313,0.09473684210526316,0.6105263157894737,0,red,0.14736842105263157,0.5894736842105263,0.10526315789473684,0.15789473684210525
63644989465.0,14.0,523.3,48.0,27.0,23.0,15.0,525.0,42.0,38313.7,2018-01-31 19:44:25,2018.0,1.0,31.0,19.0,44.0,25.0,10.0,0.0,0.0,6.0,9.0,950.0,2.0,-42.0,2.0,-45.0,25118.399999999998,22050.0,2001256.5499999993,906437.5,8.0,33.0,0.0,0.2916666666666667,0.09375,0.6145833333333334,0,red,0.15625,0.5833333333333334,0.10416666666666667,0.15625
63644989475.0,17.0,525.3,3.0,27.0,23.0,15.0,527.0,0.0,38313.7,2018-01-31 19:44:35,2018.0,1.0,31.0,19.0,44.0,35.0,10.0,0.0,0.1,6.0,9.0,960.0,0.0,14.0,-0.1,10.0,1575.8999999999999,0.0,2002832.4499999993,906437.5,8.0,33.0,0.0,0.28865979381443296,0.10309278350515463,0.6082474226804123,0,red,0.16494845360824742,0.5773195876288659,0.10309278350515463,0.15463917525773196
63644989485.0,17.0,525.2,13.0,27.0,23.0,15.0,527.0,14.0,38313.8,2018-01-31 19:44:45,2018.0,1.0,31.0,19.0,44.0,45.0,10.0,0.0,0.0,6.0,9.10000000000582,970.0,1.0,-14.0,0.4,-10.0,6827.6,7378.0,2009660.0499999993,913815.5,8.0,33.0,0.0,0.2857142857142857,0.10204081632653061,0.6122448979591837,0,red,0.17346938775510204,0.5714285714285714,0.10204081632653061,0.15306122448979592
63644989495.0,17.0,525.6,3.0,27.0,23.0,15.0,528.0,0.0,38313.8,2018-01-31 19:44:55,2018.0,1.0,31.0,19.0,44.0,55.0,10.0,0.0,0.1,6.0,9.10000000000582,980.0,1.0,0.0,1.0,-1.0,1576.8000000000002,0.0,2011236.8499999994,913815.5,8.0,33.0,0.0,0.2828282828282828,0.1111111111111111,0.6060606060606061,0,red,0.18181818181818182,0.5656565656565656,0.10101010101010101,0.15151515151515152
63644989505.0,3.0,526.6,2.0,27.0,23.0,15.0,529.0,0.0,38313.9,2018-01-31 19:45:05,2018.0,1.0,31.0,19.0,45.0,5.0,10.0,0.0,0.0,6.0,9.200000000004366,990.0,0.0,0.0,-0.3,1.0,1053.2,0.0,2012290.0499999993,913815.5,8.0,33.0,0.0,0.28,0.12,0.6,0,red,0.19,0.56,0.1,0.15
63644989515.0,0.0,526.3,3.0,27.0,23.0,15.0,529.0,0.0,38313.9,2018-01-31 19:45:15,2018.0,1.0,31.0,19.0,45.0,15.0,10.0,0.0,0.0,6.0,9.200000000004366,1000.0,0.0,0.0,0.2,0.0,1578.8999999999999,0.0,2013868.9499999993,913815.5,8.0,33.0,0.0,0.27722772277227725,0.12871287128712872,0.594059405940594,0,red,0.19801980198019803,0.5544554455445545,0.09900990099009901,0.1485148514851485
63644989525.0,0.0,526.5,3.0,27.0,23.0,15.0,529.0,0.0,38313.9,2018-01-31 19:45:25,2018.0,1.0,31.0,19.0,45.0,25.0,10.0,0.0,0.0,6.0,9.200000000004366,1010.0,-1.0,5.0,-0.8,10.0,1579.5,0.0,2015448.4499999993,913815.5,8.0,33.0,0.0,0.27450980392156865,0.13725490196078433,0.5882352941176471,0,red,0.20588235294117646,0.5490196078431373,0.09803921568627451,0.14705882352941177
63644989535.0,8.0,525.7,13.0,27.0,23.0,15.0,528.0,5.0,38313.9,2018-01-31 19:45:35,2018.0,1.0,31.0,19.0,45.0,35.0,10.0,0.0,0.0,6.0,9.200000000004366,1020.0,-4.0,38.0,-3.3,43.0,6834.1,2640.0,2022282.5499999993,916455.5,8.0,33.0,0.0,0.27184466019417475,0.13592233009708737,0.5922330097087378,0,red,0.21359223300970873,0.5436893203883495,0.0970873786407767,0.14563106796116504
63644989545.0,22.0,522.4,56.0,27.0,23.0,15.0,524.0,43.0,38313.9,2018-01-31 19:45:45,2018.0,1.0,31.0,19.0,45.0,45.0,10.0,-1.0,0.1,7.0,9.200000000004366,1030.0,2.0,-25.0,1.6,-36.0,29254.399999999998,22532.0,2051536.9499999993,938987.5,8.0,33.0,0.0,0.2692307692307692,0.1346153846153846,0.5961538461538461,1,black,0.21153846153846154,0.5480769230769231,0.09615384615384616,0.14423076923076922
63644989555.0,28.0,524.0,20.0,26.0,23.0,15.0,526.0,18.0,38314.0,2018-01-31 19:45:55,2018.0,1.0,31.0,19.0,45.0,55.0,10.0,0.0,0.0,7.0,9.30000000000291,1040.0,2.0,-18.0,1.5,-20.0,10480.0,9468.0,2062016.9499999993,948455.5,8.0,33.0,0.0,0.26666666666666666,0.13333333333333333,0.6,1,black,0.20952380952380953,0.5523809523809524,0.09523809523809523,0.14285714285714285
63644989565.0,28.0,525.5,0.0,26.0,23.0,15.0,528.0,0.0,38314.0,2018-01-31 19:46:05,2018.0,1.0,31.0,19.0,46.0,5.0,10.0,0.0,0.1,7.0,9.30000000000291,1050.0,0.0,0.0,0.2,2.0,0.0,0.0,2062016.9499999993,948455.5,8.0,33.0,0.0,0.2641509433962264,0.14150943396226415,0.5943396226415094,1,black,0.20754716981132076,0.5566037735849056,0.09433962264150944,0.14150943396226415
63644989575.0,26.0,525.7,2.0,26.0,23.0,15.0,528.0,0.0,38314.1,2018-01-31 19:46:15,2018.0,1.0,31.0,19.0,46.0,15.0,10.0,0.0,0.1,7.0,9.400000000001455,1060.0,0.0,0.0,0.0,0.0,1051.4,0.0,2063068.3499999992,948455.5,8.0,33.0,0.0,0.2616822429906542,0.14953271028037382,0.5887850467289719,1,black,0.205607476635514,0.5607476635514018,0.09345794392523364,0.14018691588785046
63644989585.0,24.0,525.7,2.0,26.0,23.0,15.0,528.0,0.0,38314.2,2018-01-31 19:46:25,2018.0,1.0,31.0,19.0,46.0,25.0,10.0,0.0,0.1,7.0,9.5,1070.0,0.0,0.0,-0.1,0.0,1051.4,0.0,2064119.749999999,948455.5,8.0,33.0,0.0,0.25925925925925924,0.1574074074074074,0.5833333333333334,1,black,0.2037037037037037,0.5648148148148148,0.09259259259259259,0.1388888888888889
63644989595.0,24.0,525.6,2.0,26.0,24.0,15.0,528.0,0.0,38314.3,2018-01-31 19:46:35,2018.0,1.0,31.0,19.0,46.0,35.0,10.0,0.0,0.0,7.0,9.60000000000582,1080.0,0.0,0.0,0.1,0.0,1051.2,0.0,2065170.949999999,948455.5,9.0,33.0,0.0,0.25688073394495414,0.1651376146788991,0.5779816513761468,1,black,0.2018348623853211,0.5688073394495413,0.09174311926605505,0.13761467889908258
63644989605.0,24.0,525.7,2.0,26.0,24.0,15.0,528.0,0.0,38314.3,2018-01-31 19:46:45,2018.0,1.0,31.0,19.0,46.0,45.0,10.0,0.0,0.1,7.0,9.60000000000582,1090.0,-2.0,39.0,0.9,1.0,1051.4,0.0,2066222.349999999,948455.5,9.0,33.0,0.0,0.2545454545454545,0.17272727272727273,0.5727272727272728,1,black,0.2,0.5727272727272728,0.09090909090909091,0.13636363636363635
63644989615.0,18.0,526.6,3.0,26.0,24.0,15.0,526.0,39.0,38314.4,2018-01-31 19:46:55,2018.0,1.0,31.0,19.0,46.0,55.0,10.0,0.0,0.0,7.0,9.700000000004366,1100.0,0.0,7.0,-0.4,19.0,1579.8000000000002,20514.0,2067802.149999999,968969.5,9.0,33.0,0.0,0.25225225225225223,0.17117117117117117,0.5765765765765766,0,red,0.2072072072072072,0.5675675675675675,0.09009009009009009,0.13513513513513514
63644989625.0,18.0,526.2,22.0,26.0,24.0,15.0,526.0,46.0,38314.4,2018-01-31 19:47:05,2018.0,1.0,31.0,19.0,47.0,5.0,10.0,0.0,0.1,7.0,9.700000000004366,1110.0,5.0,-98.0,2.3,-65.0,11576.400000000001,24196.0,2079378.5499999989,993165.5,9.0,33.0,0.0,0.25,0.16964285714285715,0.5803571428571429,2,green,0.20535714285714285,0.5625,0.09821428571428571,0.13392857142857142
63644989635.0,15.0,528.5,-43.0,26.0,24.0,15.0,531.0,-52.0,38314.5,2018-01-31 19:47:15,2018.0,1.0,31.0,19.0,47.0,15.0,10.0,0.0,0.0,7.0,9.80000000000291,1120.0,-2.0,40.0,-1.2,33.0,-22725.5,-27612.0,2068015.7999999989,979359.5,9.0,33.0,0.0,0.25663716814159293,0.168141592920354,0.5752212389380531,3,orange,0.20353982300884957,0.5575221238938053,0.09734513274336283,0.1415929203539823
63644989645.0,6.0,527.3,-10.0,26.0,24.0,15.0,529.0,-12.0,38314.5,2018-01-31 19:47:25,2018.0,1.0,31.0,19.0,47.0,25.0,10.0,0.0,0.0,7.0,9.80000000000291,1130.0,0.0,12.0,-0.6,13.0,-5273.0,-6348.0,2065379.2999999989,976185.5,9.0,33.0,0.0,0.2631578947368421,0.16666666666666666,0.5701754385964912,0,red,0.21052631578947367,0.5526315789473685,0.09649122807017543,0.14035087719298245
63644989655.0,0.0,526.7,3.0,26.0,24.0,15.0,529.0,0.0,38314.5,2018-01-31 19:47:35,2018.0,1.0,31.0,19.0,47.0,35.0,10.0,0.0,0.0,7.0,9.80000000000291,1140.0,-3.0,35.0,-2.8,39.0,1580.1000000000001,0.0,2066959.399999999,976185.5,9.0,33.0,0.0,0.2608695652173913,0.17391304347826086,0.5652173913043478,0,red,0.21739130434782608,0.5478260869565217,0.09565217391304348,0.1391304347826087
63644989665.0,15.0,523.9,42.0,26.0,24.0,15.0,526.0,35.0,38314.5,2018-01-31 19:47:45,2018.0,1.0,31.0,19.0,47.0,45.0,10.0,0.0,0.1,7.0,9.80000000000291,1150.0,2.0,-35.0,2.2,-38.0,22003.8,18410.0,2088963.199999999,994595.5,9.0,33.0,0.0,0.25862068965517243,0.1724137931034483,0.5689655172413793,0,red,0.22413793103448276,0.5431034482758621,0.09482758620689655,0.13793103448275862
63644989675.0,9.0,526.1,4.0,26.0,24.0,15.0,528.0,0.0,38314.6,2018-01-31 19:47:55,2018.0,1.0,31.0,19.0,47.0,55.0,10.0,0.0,0.0,7.0,9.900000000001455,1160.0,-3.0,39.0,-3.0,44.0,2104.4,0.0,2091067.599999999,994595.5,9.0,33.0,0.0,0.2564102564102564,0.1794871794871795,0.5641025641025641,0,red,0.23076923076923078,0.5384615384615384,0.09401709401709402,0.13675213675213677
63644989685.0,22.0,523.1,48.0,26.0,24.0,15.0,525.0,39.0,38314.6,2018-01-31 19:48:05,2018.0,1.0,31.0,19.0,48.0,5.0,10.0,0.0,0.1,7.0,9.900000000001455,1170.0,3.0,-39.0,2.6,-45.0,25108.800000000003,20475.0,2116176.399999999,1015070.5,9.0,33.0,0.0,0.2542372881355932,0.17796610169491525,0.5677966101694916,1,black,0.2288135593220339,0.5423728813559322,0.09322033898305085,0.13559322033898305
63644989695.0,22.0,525.7,3.0,26.0,24.0,15.0,528.0,0.0,38314.7,2018-01-31 19:48:15,2018.0,1.0,31.0,19.0,48.0,15.0,10.0,0.0,0.0,7.0,10.0,1180.0,3.0,-62.0,3.0,-57.0,1577.1000000000001,0.0,2117753.499999999,1015070.5,9.0,33.0,0.0,0.25210084033613445,0.18487394957983194,0.5630252100840336,1,black,0.226890756302521,0.5462184873949579,0.09243697478991597,0.13445378151260504
63644989705.0,18.0,528.7,-54.0,26.0,24.0,15.0,531.0,-62.0,38314.7,2018-01-31 19:48:25,2018.0,1.0,31.0,19.0,48.0,25.0,10.0,0.0,0.1,7.0,10.0,1190.0,-3.0,72.0,-4.0,97.0,-28549.800000000003,-32922.0,2103478.599999999,998609.5,9.0,33.0,0.0,0.25833333333333336,0.18333333333333332,0.5583333333333333,3,orange,0.225,0.5416666666666666,0.09166666666666666,0.14166666666666666
63644989715.0,9.0,524.7,43.0,26.0,24.0,15.0,528.0,10.0,38314.8,2018-01-31 19:48:35,2018.0,1.0,31.0,19.0,48.0,35.0,10.0,0.0,0.0,7.0,10.10000000000582,1200.0,-3.0,28.0,-1.8,2.0,22562.100000000002,5280.0,2126040.6999999993,1003889.5,9.0,33.0,0.0,0.256198347107438,0.18181818181818182,0.5619834710743802,0,red,0.23140495867768596,0.5371900826446281,0.09090909090909091,0.14049586776859505
63644989725.0,24.0,522.9,45.0,26.0,24.0,15.0,525.0,38.0,38314.8,2018-01-31 19:48:45,2018.0,1.0,31.0,19.0,48.0,45.0,10.0,0.0,0.1,7.0,10.10000000000582,1210.0,2.0,-21.0,1.8,-22.0,23530.5,19950.0,2149571.1999999993,1023839.5,9.0,33.0,0.0,0.2540983606557377,0.18032786885245902,0.5655737704918032,1,black,0.22950819672131148,0.5409836065573771,0.09016393442622951,0.13934426229508196
63644989735.0,26.0,524.7,23.0,26.0,24.0,15.0,527.0,17.0,38314.9,2018-01-31 19:48:55,2018.0,1.0,31.0,19.0,48.0,55.0,10.0,0.0,0.0,7.0,10.200000000004366,1220.0,5.0,-73.0,4.3,-97.0,12068.1,8959.0,2161639.2999999993,1032798.5,9.0,33.0,0.0,0.25203252032520324,0.17886178861788618,0.5691056910569106,1,black,0.22764227642276422,0.5447154471544715,0.08943089430894309,0.13821138211382114
63644989745.0,22.0,529.0,-74.0,26.0,24.0,15.0,532.0,-56.0,38314.9,2018-01-31 19:49:05,2018.0,1.0,31.0,19.0,49.0,5.0,10.0,0.0,0.1,7.0,10.200000000004366,1230.0,-4.0,56.0,-3.3,77.0,-39146.0,-29792.0,2142066.2999999993,1017902.5,9.0,33.0,0.0,0.25806451612903225,0.1774193548387097,0.5645161290322581,3,orange,0.22580645161290322,0.5403225806451613,0.08870967741935484,0.14516129032258066
63644989755.0,22.0,525.7,3.0,26.0,24.0,15.0,528.0,0.0,38315.0,2018-01-31 19:49:15,2018.0,1.0,31.0,19.0,49.0,15.0,10.0,0.0,0.1,7.0,10.30000000000291,1240.0,0.0,0.0,0.3,0.0,1577.1000000000001,0.0,2143643.3999999994,1017902.5,9.0,33.0,0.0,0.256,0.184,0.56,0,red,0.232,0.536,0.088,0.144
63644989765.0,21.0,526.0,3.0,26.0,24.0,15.0,528.0,0.0,38315.1,2018-01-31 19:49:25,2018.0,1.0,31.0,19.0,49.0,25.0,10.0,0.0,0.0,7.0,10.400000000001455,1250.0,-3.0,37.0,-2.6,56.0,1578.0,0.0,2145221.3999999994,1017902.5,9.0,33.0,0.0,0.25396825396825395,0.19047619047619047,0.5555555555555556,0,red,0.23809523809523808,0.5317460317460317,0.0873015873015873,0.14285714285714285
63644989775.0,22.0,523.4,59.0,26.0,24.0,16.0,525.0,37.0,38315.1,2018-01-31 19:49:35,2018.0,1.0,31.0,19.0,49.0,35.0,10.0,0.0,0.1,7.0,10.400000000001455,1260.0,-1.0,-2.0,-1.3,-24.0,30880.6,19425.0,2176101.9999999995,1037327.5,8.0,33.0,0.0,0.25196850393700787,0.1889763779527559,0.5590551181102362,1,black,0.23622047244094488,0.5354330708661418,0.08661417322834646,0.14173228346456693
63644989785.0,32.0,522.1,35.0,26.0,24.0,16.0,524.0,35.0,38315.2,2018-01-31 19:49:45,2018.0,1.0,31.0,19.0,49.0,45.0,10.0,0.0,0.1,7.0,10.5,1270.0,4.0,-45.0,3.6,-39.0,18273.5,18340.0,2194375.4999999995,1055667.5,8.0,33.0,0.0,0.25,0.1875,0.5625,1,black,0.234375,0.5390625,0.0859375,0.140625
63644989795.0,31.0,525.7,-4.0,26.0,24.0,16.0,528.0,-10.0,38315.3,2018-01-31 19:49:55,2018.0,1.0,31.0,19.0,49.0,55.0,10.0,0.0,0.0,7.0,10.60000000000582,1280.0,3.0,-28.0,3.0,-27.0,-2102.8,-5280.0,2193324.0999999996,1053027.5,8.0,33.0,0.0,0.2558139534883721,0.18604651162790697,0.5581395348837209,1,black,0.23255813953488372,0.5426356589147286,0.08527131782945736,0.13953488372093023
63644989805.0,13.0,528.7,-31.0,26.0,24.0,16.0,531.0,-38.0,38315.3,2018-01-31 19:50:05,2018.0,1.0,31.0,19.0,50.0,5.0,10.0,0.0,0.1,7.0,10.60000000000582,1290.0,-2.0,38.0,-1.8,34.0,-16389.7,-20178.0,2185129.2499999995,1042938.5,8.0,33.0,0.0,0.26153846153846155,0.18461538461538463,0.5538461538461539,0,red,0.23846153846153847,0.5384615384615384,0.08461538461538462,0.13846153846153847
63644989815.0,0.0,526.9,3.0,26.0,24.0,16.0,529.0,0.0,38315.4,2018-01-31 19:50:15,2018.0,1.0,31.0,19.0,50.0,15.0,10.0,0.0,0.0,7.0,10.700000000004366,1300.0,-3.0,34.0,-2.1,40.0,1580.6999999999998,0.0,2186709.9499999997,1042938.5,8.0,33.0,0.0,0.2595419847328244,0.19083969465648856,0.549618320610687,0,red,0.24427480916030533,0.5343511450381679,0.08396946564885496,0.13740458015267176
63644989825.0,9.0,524.8,43.0,26.0,24.0,16.0,526.0,34.0,38315.4,2018-01-31 19:50:25,2018.0,1.0,31.0,19.0,50.0,25.0,10.0,0.0,0.0,7.0,10.700000000004366,1310.0,-2.0,2.0,-2.3,0.0,22566.399999999998,17884.0,2209276.3499999996,1060822.5,8.0,33.0,0.0,0.25757575757575757,0.1893939393939394,0.553030303030303,0,red,0.25,0.5303030303030303,0.08333333333333333,0.13636363636363635
63644989835.0,28.0,522.5,43.0,26.0,24.0,16.0,524.0,36.0,38315.4,2018-01-31 19:50:35,2018.0,1.0,31.0,19.0,50.0,35.0,10.0,0.0,0.1,7.0,10.700000000004366,1320.0,-1.0,17.0,-1.3,33.0,22467.5,18864.0,2231743.8499999996,1079686.5,8.0,33.0,0.0,0.2556390977443609,0.18796992481203006,0.556390977443609,1,black,0.24812030075187969,0.5338345864661654,0.08270676691729323,0.13533834586466165
63644989845.0,31.0,521.2,76.0,26.0,24.0,16.0,523.0,53.0,38315.5,2018-01-31 19:50:45,2018.0,1.0,31.0,19.0,50.0,45.0,10.0,0.0,0.1,7.0,10.80000000000291,1330.0,5.0,-53.0,4.7,-75.0,39611.200000000004,27719.0,2271355.05,1107405.5,8.0,33.0,0.0,0.2537313432835821,0.1865671641791045,0.5597014925373134,2,green,0.2462686567164179,0.5298507462686567,0.08955223880597014,0.13432835820895522
63644989855.0,27.0,525.9,1.0,26.0,24.0,16.0,528.0,0.0,38315.6,2018-01-31 19:50:55,2018.0,1.0,31.0,19.0,50.0,55.0,10.0,0.0,0.0,7.0,10.900000000001455,1340.0,1.0,0.0,1.0,2.0,525.9,0.0,2271880.9499999997,1107405.5,8.0,33.0,0.0,0.2518518518518518,0.1925925925925926,0.5555555555555556,1,black,0.24444444444444444,0.5333333333333333,0.08888888888888889,0.13333333333333333
63644989865.0,18.0,526.9,3.0,26.0,24.0,16.0,529.0,0.0,38315.6,2018-01-31 19:51:05,2018.0,1.0,31.0,19.0,51.0,5.0,10.0,0.0,0.1,7.0,10.900000000001455,1350.0,-3.0,16.0,-2.3,20.0,1580.6999999999998,0.0,2273461.65,1107405.5,8.0,33.0,0.0,0.25,0.19852941176470587,0.5514705882352942,0,red,0.25,0.5294117647058824,0.08823529411764706,0.1323529411764706
63644989875.0,26.0,524.6,23.0,26.0,24.0,16.0,526.0,16.0,38315.7,2018-01-31 19:51:15,2018.0,1.0,31.0,19.0,51.0,15.0,10.0,0.0,0.1,7.0,11.0,1360.0,2.0,-16.0,1.2,-23.0,12065.800000000001,8416.0,2285527.4499999997,1115821.5,8.0,33.0,0.0,0.24817518248175183,0.19708029197080293,0.5547445255474452,1,black,0.24817518248175183,0.5328467153284672,0.08759124087591241,0.13138686131386862
63644989885.0,27.0,525.8,0.0,26.0,24.0,16.0,528.0,0.0,38315.8,2018-01-31 19:51:25,2018.0,1.0,31.0,19.0,51.0,25.0,10.0,0.0,0.0,7.0,11.10000000000582,1370.0,0.0,0.0,-0.2,0.0,0.0,0.0,2285527.4499999997,1115821.5,8.0,33.0,0.0,0.2463768115942029,0.2028985507246377,0.5507246376811594,1,black,0.2463768115942029,0.5362318840579711,0.08695652173913043,0.13043478260869565
63644989895.0,27.0,525.6,0.0,26.0,24.0,16.0,528.0,0.0,38315.8,2018-01-31 19:51:35,2018.0,1.0,31.0,19.0,51.0,35.0,10.0,0.0,0.1,7.0,11.10000000000582,1380.0,-4.0,51.0,-2.9,58.0,0.0,0.0,2285527.4499999997,1115821.5,8.0,33.0,0.0,0.2446043165467626,0.20863309352517986,0.5467625899280576,1,black,0.2446043165467626,0.539568345323741,0.08633093525179857,0.12949640287769784
63644989905.0,26.0,522.7,58.0,26.0,24.0,16.0,524.0,51.0,38315.9,2018-01-31 19:51:45,2018.0,1.0,31.0,19.0,51.0,45.0,10.0,0.0,0.1,7.0,11.200000000004366,1390.0,2.0,-51.0,-0.3,-25.0,30316.600000000002,26724.0,2315844.05,1142545.5,8.0,33.0,0.0,0.24285714285714285,0.20714285714285716,0.55,2,green,0.24285714285714285,0.5357142857142857,0.09285714285714286,0.12857142857142856
63644989915.0,33.0,522.4,33.0,26.0,24.0,16.0,526.0,0.0,38316.0,2018-01-31 19:51:55,2018.0,1.0,31.0,19.0,51.0,55.0,10.0,0.0,0.1,7.0,11.30000000000291,1400.0,0.0,0.0,1.1,-23.0,17239.2,0.0,2333083.25,1142545.5,8.0,33.0,0.0,0.24113475177304963,0.2127659574468085,0.5460992907801419,1,black,0.24113475177304963,0.5390070921985816,0.09219858156028368,0.1276595744680851
63644989925.0,31.0,523.5,10.0,26.0,24.0,16.0,526.0,0.0,38316.1,2018-01-31 19:52:05,2018.0,1.0,31.0,19.0,52.0,5.0,10.0,0.0,0.1,7.0,11.400000000001455,1410.0,-5.0,93.0,-3.6,93.0,5235.0,0.0,2338318.25,1142545.5,8.0,33.0,0.0,0.23943661971830985,0.21830985915492956,0.5422535211267606,3,orange,0.23943661971830985,0.5352112676056338,0.09154929577464789,0.13380281690140844
63644989935.0,31.0,519.9,103.0,26.0,24.0,16.0,521.0,93.0,38316.2,2018-01-31 19:52:15,2018.0,1.0,31.0,19.0,52.0,15.0,10.0,0.0,0.0,7.0,11.5,1420.0,2.0,-52.0,2.6,-63.0,53549.7,48453.0,2391867.95,1190998.5,8.0,33.0,0.0,0.23776223776223776,0.21678321678321677,0.5454545454545454,2,green,0.23776223776223776,0.5314685314685315,0.0979020979020979,0.13286713286713286
63644989945.0,33.0,522.5,40.0,26.0,24.0,16.0,523.0,41.0,38316.2,2018-01-31 19:52:25,2018.0,1.0,31.0,19.0,52.0,25.0,10.0,0.0,0.1,7.0,11.5,1430.0,-1.0,17.0,-1.7,31.0,20900.0,21443.0,2412767.95,1212441.5,8.0,33.0,0.0,0.2361111111111111,0.2152777777777778,0.5486111111111112,1,black,0.2361111111111111,0.5347222222222222,0.09722222222222222,0.13194444444444445
63644989955.0,38.0,520.8,71.0,26.0,24.0,16.0,522.0,58.0,38316.3,2018-01-31 19:52:35,2018.0,1.0,31.0,19.0,52.0,35.0,10.0,0.0,0.1,7.0,11.60000000000582,1440.0,2.0,-34.0,1.5,-40.0,36976.799999999996,30276.0,2449744.75,1242717.5,8.0,33.0,0.0,0.23448275862068965,0.21379310344827587,0.5517241379310345,1,black,0.23448275862068965,0.5379310344827586,0.09655172413793103,0.1310344827586207
63644989965.0,38.0,522.3,31.0,26.0,24.0,16.0,524.0,24.0,38316.4,2018-01-31 19:52:45,2018.0,1.0,31.0,19.0,52.0,45.0,10.0,0.0,0.1,7.0,11.700000000004366,1450.0,4.0,-37.0,3.3,-39.0,16191.3,12576.0,2465936.05,1255293.5,8.0,33.0,0.0,0.2328767123287671,0.21232876712328766,0.5547945205479452,1,black,0.2328767123287671,0.541095890410959,0.0958904109589041,0.13013698630136986
63644989975.0,33.0,525.6,-8.0,26.0,24.0,16.0,528.0,-13.0,38316.5,2018-01-31 19:52:55,2018.0,1.0,31.0,19.0,52.0,55.0,10.0,0.0,0.1,7.0,11.80000000000291,1460.0,3.0,-70.0,0.2,2.0,-4204.8,-6864.0,2463833.65,1251861.5,8.0,33.0,0.0,0.23809523809523808,0.2108843537414966,0.5510204081632653,1,black,0.23129251700680273,0.54421768707483,0.09523809523809523,0.1292517006802721
63644989985.0,26.0,525.8,-6.0,26.0,24.0,16.0,531.0,-83.0,38316.6,2018-01-31 19:53:05,2018.0,1.0,31.0,19.0,53.0,5.0,10.0,0.0,0.1,7.0,11.900000000001455,1470.0,-10.0,138.0,-6.8,73.0,-3154.7999999999997,-44073.0,2462256.25,1229825.0,8.0,33.0,0.0,0.24324324324324326,0.20945945945945946,0.5472972972972973,3,orange,0.22972972972972974,0.5405405405405406,0.0945945945945946,0.13513513513513514
63644989995.0,38.0,519.0,67.0,26.0,24.0,16.0,521.0,55.0,38316.7,2018-01-31 19:53:15,2018.0,1.0,31.0,19.0,53.0,15.0,10.0,0.0,0.1,7.0,12.0,1480.0,3.0,-33.0,3.0,-37.0,34773.0,28655.0,2497029.25,1258480.0,8.0,33.0,0.0,0.24161073825503357,0.2080536912751678,0.5503355704697986,1,black,0.22818791946308725,0.5436241610738255,0.09395973154362416,0.1342281879194631
63644990005.0,38.0,522.0,30.0,26.0,24.0,16.0,524.0,22.0,38316.8,2018-01-31 19:53:25,2018.0,1.0,31.0,19.0,53.0,25.0,10.0,0.0,0.1,7.0,12.10000000000582,1490.0,0.0,-1.0,-0.3,5.0,15660.0,11528.0,2512689.25,1270008.0,8.0,33.0,0.0,0.24,0.20666666666666667,0.5533333333333333,1,black,0.22666666666666666,0.5466666666666666,0.09333333333333334,0.13333333333333333
63644990015.0,40.0,521.7,35.0,26.0,24.0,16.0,524.0,21.0,38316.9,2018-01-31 19:53:35,2018.0,1.0,31.0,19.0,53.0,35.0,10.0,0.0,0.1,7.0,12.200000000004366,1500.0,3.0,-21.0,3.1,-44.0,18259.5,11004.0,2530948.75,1281012.0,8.0,33.0,0.0,0.23841059602649006,0.2052980132450331,0.5562913907284768,1,black,0.2251655629139073,0.5496688741721855,0.09271523178807947,0.13245033112582782
63644990025.0,37.0,524.8,-9.0,26.0,24.0,16.0,527.0,0.0,38317.0,2018-01-31 19:53:45,2018.0,1.0,31.0,19.0,53.0,45.0,10.0,0.0,0.1,7.0,12.30000000000291,1510.0,-1.0,-10.0,-0.8,9.0,-4723.2,0.0,2528587.15,1281012.0,8.0,33.0,0.0,0.23684210526315788,0.21052631578947367,0.5526315789473685,1,black,0.2236842105263158,0.5526315789473685,0.09210526315789473,0.13157894736842105
63644990035.0,35.0,524.0,0.0,26.0,24.0,16.0,526.0,-10.0,38317.1,2018-01-31 19:53:55,2018.0,1.0,31.0,19.0,53.0,55.0,10.0,0.0,0.1,7.0,12.400000000001455,1520.0,1.0,10.0,1.4,0.0,0.0,-5260.0,2528587.15,1278382.0,8.0,33.0,0.0,0.24183006535947713,0.20915032679738563,0.5490196078431373,1,black,0.2222222222222222,0.5555555555555556,0.0915032679738562,0.13071895424836602
63644990045.0,27.0,525.4,0.0,26.0,24.0,16.0,527.0,0.0,38317.2,2018-01-31 19:54:05,2018.0,1.0,31.0,19.0,54.0,5.0,10.0,0.0,0.1,7.0,12.5,1530.0,3.0,-19.0,2.4,-17.0,0.0,0.0,2528587.15,1278382.0,8.0,33.0,0.0,0.24025974025974026,0.21428571428571427,0.5454545454545454,1,black,0.22077922077922077,0.5584415584415584,0.09090909090909091,0.12987012987012986
63644990055.0,8.0,527.8,-17.0,26.0,24.0,16.0,530.0,-19.0,38317.3,2018-01-31 19:54:15,2018.0,1.0,31.0,19.0,54.0,15.0,10.0,0.0,0.0,7.0,12.60000000000582,1540.0,-2.0,19.0,-1.6,21.0,-8972.599999999999,-10070.0,2524100.85,1273347.0,8.0,33.0,0.0,0.24516129032258063,0.2129032258064516,0.5419354838709678,0,red,0.22580645161290322,0.5548387096774193,0.09032258064516129,0.12903225806451613
63644990065.0,0.0,526.2,4.0,26.0,24.0,16.0,528.0,0.0,38317.3,2018-01-31 19:54:25,2018.0,1.0,31.0,19.0,54.0,25.0,10.0,0.0,0.0,7.0,12.60000000000582,1550.0,0.0,0.0,0.0,-1.0,2104.8,0.0,2526205.65,1273347.0,8.0,33.0,0.0,0.24358974358974358,0.21794871794871795,0.5384615384615384,0,red,0.23076923076923078,0.5512820512820513,0.08974358974358974,0.1282051282051282
63644990075.0,0.0,526.2,3.0,26.0,24.0,16.0,528.0,0.0,38317.3,2018-01-31 19:54:35,2018.0,1.0,31.0,19.0,54.0,35.0,10.0,-1.0,0.0,8.0,12.60000000000582,1560.0,-7.0,88.0,-5.6,84.0,1578.6000000000001,0.0,2527784.25,1273347.0,8.0,33.0,0.0,0.24203821656050956,0.2229299363057325,0.535031847133758,0,red,0.2356687898089172,0.5477707006369427,0.08917197452229299,0.12738853503184713
63644990085.0,23.0,520.6,87.0,25.0,24.0,16.0,521.0,88.0,38317.3,2018-01-31 19:54:45,2018.0,1.0,31.0,19.0,54.0,45.0,10.0,0.0,0.1,8.0,12.60000000000582,1570.0,0.0,-36.0,-1.6,-22.0,45292.200000000004,45848.0,2573076.45,1319195.0,8.0,33.0,0.0,0.24050632911392406,0.22151898734177214,0.5379746835443038,2,green,0.23417721518987342,0.5443037974683544,0.0949367088607595,0.12658227848101267
63644990095.0,38.0,519.0,65.0,25.0,24.0,16.0,521.0,52.0,38317.4,2018-01-31 19:54:55,2018.0,1.0,31.0,19.0,54.0,55.0,10.0,0.0,0.1,8.0,12.700000000004366,1580.0,2.0,-34.0,1.7,-36.0,33735.0,27092.0,2606811.45,1346287.0,8.0,33.0,0.0,0.2389937106918239,0.22012578616352202,0.5408805031446541,1,black,0.23270440251572327,0.5471698113207547,0.09433962264150944,0.12578616352201258
63644990105.0,42.0,520.7,29.0,25.0,24.0,16.0,523.0,18.0,38317.5,2018-01-31 19:55:05,2018.0,1.0,31.0,19.0,55.0,5.0,10.0,0.0,0.1,8.0,12.80000000000291,1590.0,1.0,1.0,1.2,-4.0,15100.300000000001,9414.0,2621911.75,1355701.0,8.0,33.0,0.0,0.2375,0.21875,0.54375,1,black,0.23125,0.55,0.09375,0.125
63644990115.0,40.0,521.9,25.0,25.0,24.0,16.0,524.0,19.0,38317.6,2018-01-31 19:55:15,2018.0,1.0,31.0,19.0,55.0,15.0,10.0,0.0,0.1,8.0,12.900000000001455,1600.0,10.0,-20.0,9.2,-126.0,13047.5,9956.0,2634959.25,1365657.0,8.0,33.0,0.0,0.2360248447204969,0.21739130434782608,0.546583850931677,1,black,0.22981366459627328,0.5527950310559007,0.09316770186335403,0.12422360248447205
63644990125.0,28.0,531.1,-101.0,25.0,24.0,16.0,534.0,-1.0,38317.7,2018-01-31 19:55:25,2018.0,1.0,31.0,19.0,55.0,25.0,10.0,0.0,0.1,8.0,13.0,1610.0,-2.0,-3.0,-1.4,0.0,-53641.100000000006,-534.0,2608138.7,1365390.0,8.0,33.0,0.0,0.24074074074074073,0.21604938271604937,0.5432098765432098,1,black,0.22839506172839505,0.5555555555555556,0.09259259259259259,0.12345679012345678
63644990135.0,28.0,529.7,-101.0,25.0,24.0,16.0,532.0,-4.0,38317.8,2018-01-31 19:55:35,2018.0,1.0,31.0,19.0,55.0,35.0,10.0,0.0,0.0,8.0,13.10000000000582,1620.0,-4.0,4.0,-3.9,104.0,-53499.700000000004,-2128.0,2581388.85,1364326.0,8.0,33.0,0.0,0.24539877300613497,0.2147239263803681,0.5398773006134969,1,black,0.22699386503067484,0.558282208588957,0.09202453987730061,0.12269938650306748
63644990145.0,0.0,525.8,3.0,25.0,24.0,16.0,528.0,0.0,38317.8,2018-01-31 19:55:45,2018.0,1.0,31.0,19.0,55.0,45.0,10.0,0.0,0.1,8.0,13.10000000000582,1630.0,-13.0,108.0,-12.3,126.0,1577.3999999999999,0.0,2582966.25,1364326.0,8.0,33.0,0.0,0.24390243902439024,0.21951219512195122,0.5365853658536586,0,red,0.23170731707317074,0.5548780487804879,0.09146341463414634,0.12195121951219512
63644990155.0,44.0,513.5,129.0,25.0,25.0,16.0,515.0,108.0,38317.9,2018-01-31 19:55:55,2018.0,1.0,31.0,19.0,55.0,55.0,10.0,-1.0,0.1,9.0,13.200000000004366,1640.0,8.0,-118.0,7.5,-136.0,66241.5,55620.0,2649207.75,1419946.0,9.0,33.0,0.0,0.24242424242424243,0.21818181818181817,0.5393939393939394,2,green,0.23030303030303031,0.5515151515151515,0.09696969696969697,0.12121212121212122
63644990165.0,47.0,521.0,-7.0,24.0,25.0,16.0,523.0,-10.0,38318.0,2018-01-31 19:56:05,2018.0,1.0,31.0,19.0,56.0,5.0,10.0,0.0,0.1,9.0,13.30000000000291,1650.0,0.0,36.0,0.2,42.0,-3647.0,-5230.0,2647384.25,1417331.0,9.0,33.0,0.0,0.2469879518072289,0.21686746987951808,0.536144578313253,1,black,0.2289156626506024,0.5542168674698795,0.0963855421686747,0.12048192771084337
63644990175.0,40.0,521.2,35.0,24.0,25.0,16.0,523.0,26.0,38318.1,2018-01-31 19:56:15,2018.0,1.0,31.0,19.0,56.0,15.0,10.0,0.0,0.2,9.0,13.400000000001455,1660.0,-1.0,14.0,-1.6,33.0,18242.0,13598.0,2665626.25,1430929.0,9.0,33.0,0.0,0.24550898203592814,0.2155688622754491,0.5389221556886228,1,black,0.2275449101796407,0.5568862275449101,0.09580838323353294,0.11976047904191617
63644990185.0,40.0,519.6,68.0,24.0,25.0,16.0,522.0,40.0,38318.3,2018-01-31 19:56:25,2018.0,1.0,31.0,19.0,56.0,25.0,10.0,0.0,0.1,9.0,13.60000000000582,1670.0,2.0,-22.0,2.5,-43.0,35332.8,20880.0,2700959.05,1451809.0,9.0,33.0,0.0,0.24404761904761904,0.21428571428571427,0.5416666666666666,1,black,0.2261904761904762,0.5595238095238095,0.09523809523809523,0.11904761904761904
63644990195.0,37.0,522.1,25.0,24.0,25.0,16.0,524.0,18.0,38318.4,2018-01-31 19:56:35,2018.0,1.0,31.0,19.0,56.0,35.0,10.0,0.0,0.1,9.0,13.700000000004366,1680.0,4.0,-18.0,3.7,-22.0,13052.5,9432.0,2714011.55,1461241.0,9.0,33.0,0.0,0.24260355029585798,0.21301775147928995,0.5443786982248521,1,black,0.22485207100591717,0.5621301775147929,0.09467455621301775,0.11834319526627218
63644990205.0,22.0,525.8,3.0,24.0,25.0,16.0,528.0,0.0,38318.5,2018-01-31 19:56:45,2018.0,1.0,31.0,19.0,56.0,45.0,10.0,0.0,0.0,9.0,13.80000000000291,1690.0,-3.0,-14.0,-2.8,-13.0,1577.3999999999999,0.0,2715588.9499999997,1461241.0,9.0,33.0,0.0,0.2411764705882353,0.21764705882352942,0.5411764705882353,1,black,0.2235294117647059,0.5647058823529412,0.09411764705882353,0.11764705882352941
63644990215.0,36.0,523.0,-10.0,24.0,25.0,16.0,525.0,-14.0,38318.5,2018-01-31 19:56:55,2018.0,1.0,31.0,19.0,56.0,55.0,10.0,0.0,0.1,9.0,13.80000000000291,1700.0,7.0,-85.0,5.8,-81.0,-5230.0,-7350.0,2712973.9499999997,1457566.0,9.0,33.0,0.0,0.24561403508771928,0.21637426900584794,0.5380116959064327,1,black,0.2222222222222222,0.5672514619883041,0.0935672514619883,0.11695906432748537
63644990225.0,27.0,528.8,-91.0,24.0,25.0,16.0,532.0,-99.0,38318.6,2018-01-31 19:57:05,2018.0,1.0,31.0,19.0,57.0,5.0,10.0,0.0,0.1,9.0,13.900000000001455,1710.0,-6.0,99.0,-4.5,94.0,-48120.799999999996,-52668.0,2688913.55,1431232.0,9.0,33.0,0.0,0.25,0.21511627906976744,0.5348837209302325,3,orange,0.22093023255813954,0.563953488372093,0.09302325581395349,0.12209302325581395
63644990235.0,17.0,524.3,3.0,24.0,25.0,16.0,526.0,0.0,38318.7,2018-01-31 19:57:15,2018.0,1.0,31.0,19.0,57.0,15.0,10.0,0.0,0.0,9.0,14.0,1720.0,1.0,0.0,1.6,-2.0,1572.8999999999999,0.0,2690486.4499999997,1431232.0,9.0,33.0,0.0,0.24855491329479767,0.21965317919075145,0.5317919075144508,0,red,0.2254335260115607,0.5606936416184971,0.09248554913294797,0.12138728323699421
63644990245.0,15.0,525.9,1.0,24.0,25.0,16.0,527.0,0.0,38318.7,2018-01-31 19:57:25,2018.0,1.0,31.0,19.0,57.0,25.0,10.0,0.0,0.0,9.0,14.0,1730.0,0.0,0.0,-1.2,13.0,525.9,0.0,2691012.3499999996,1431232.0,9.0,33.0,0.0,0.2471264367816092,0.22413793103448276,0.5287356321839081,0,red,0.22988505747126436,0.5574712643678161,0.09195402298850575,0.1206896551724138
63644990255.0,5.0,524.7,14.0,24.0,25.0,16.0,527.0,0.0,38318.7,2018-01-31 19:57:35,2018.0,1.0,31.0,19.0,57.0,35.0,10.0,0.0,0.1,9.0,14.0,1740.0,0.0,0.0,0.0,-4.0,7345.800000000001,0.0,2698358.1499999994,1431232.0,9.0,33.0,0.0,0.24571428571428572,0.22857142857142856,0.5257142857142857,0,red,0.2342857142857143,0.5542857142857143,0.09142857142857143,0.12
63644990265.0,1.0,524.7,10.0,24.0,25.0,16.0,527.0,0.0,38318.8,2018-01-31 19:57:45,2018.0,1.0,31.0,19.0,57.0,45.0,10.0,0.0,0.0,9.0,14.10000000000582,1750.0,0.0,-5.0,0.2,1.0,5247.0,0.0,2703605.1499999994,1431232.0,9.0,33.0,0.0,0.24431818181818182,0.23295454545454544,0.5227272727272727,0,red,0.23863636363636365,0.5511363636363636,0.09090909090909091,0.11931818181818182
63644990275.0,4.0,524.9,11.0,24.0,25.0,16.0,527.0,-5.0,38318.8,2018-01-31 19:57:55,2018.0,1.0,31.0,19.0,57.0,55.0,10.0,0.0,0.0,9.0,14.10000000000582,1760.0,0.0,5.0,-0.2,-6.0,5773.9,-2635.0,2709379.0499999993,1429914.5,9.0,33.0,0.0,0.24858757062146894,0.23163841807909605,0.519774011299435,0,red,0.24293785310734464,0.5480225988700564,0.0903954802259887,0.11864406779661017
63644990285.0,3.0,524.7,5.0,24.0,25.0,16.0,527.0,0.0,38318.8,2018-01-31 19:58:05,2018.0,1.0,31.0,19.0,58.0,5.0,10.0,0.0,0.0,9.0,14.10000000000582,1770.0,0.0,1.0,0.0,-3.0,2623.5,0.0,2712002.5499999993,1429914.5,9.0,33.0,0.0,0.24719101123595505,0.23595505617977527,0.5168539325842697,0,red,0.24719101123595505,0.5449438202247191,0.0898876404494382,0.11797752808988764
63644990295.0,1.0,524.7,2.0,24.0,25.0,16.0,527.0,1.0,38318.8,2018-01-31 19:58:15,2018.0,1.0,31.0,19.0,58.0,15.0,10.0,0.0,0.0,9.0,14.10000000000582,1780.0,0.0,-1.0,0.2,2.0,1049.4,527.0,2713051.9499999993,1430441.5,9.0,33.0,0.0,0.24581005586592178,0.2346368715083799,0.5195530726256983,0,red,0.25139664804469275,0.5418994413407822,0.0893854748603352,0.11731843575418995
63644990305.0,0.0,524.9,4.0,24.0,25.0,16.0,527.0,0.0,38318.8,2018-01-31 19:58:25,2018.0,1.0,31.0,19.0,58.0,25.0,10.0,0.0,0.0,9.0,14.10000000000582,1790.0,1.0,0.0,0.8,-4.0,2099.6,0.0,2715151.5499999993,1430441.5,9.0,33.0,0.0,0.24444444444444444,0.2388888888888889,0.5166666666666667,0,red,0.25555555555555554,0.5388888888888889,0.08888888888888889,0.11666666666666667
63644990315.0,0.0,525.7,0.0,24.0,25.0,16.0,528.0,0.0,38318.8,2018-01-31 19:58:35,2018.0,1.0,31.0,19.0,58.0,35.0,10.0,0.0,0.0,9.0,14.10000000000582,1800.0,0.0,0.0,0.1,1.0,0.0,0.0,2715151.5499999993,1430441.5,9.0,33.0,0.0,0.2430939226519337,0.2430939226519337,0.5138121546961326,0,red,0.2596685082872928,0.5359116022099447,0.08839779005524862,0.11602209944751381
63644990325.0,0.0,525.8,1.0,24.0,25.0,16.0,528.0,0.0,38318.8,2018-01-31 19:58:45,2018.0,1.0,31.0,19.0,58.0,45.0,10.0,0.0,0.0,9.0,14.10000000000582,1810.0,0.0,0.0,0.2,0.0,525.8,0.0,2715677.349999999,1430441.5,9.0,33.0,0.0,0.24175824175824176,0.24725274725274726,0.510989010989011,0,red,0.26373626373626374,0.532967032967033,0.08791208791208792,0.11538461538461539
63644990335.0,0.0,526.0,1.0,24.0,25.0,16.0,528.0,0.0,38318.8,2018-01-31 19:58:55,2018.0,1.0,31.0,19.0,58.0,55.0,10.0,0.0,0.0,9.0,14.10000000000582,1820.0,0.0,0.0,0.1,0.0,526.0,0.0,2716203.349999999,1430441.5,9.0,33.0,0.0,0.24043715846994534,0.25136612021857924,0.5081967213114754,0,red,0.2677595628415301,0.5300546448087432,0.08743169398907104,0.11475409836065574
63644990345.0,0.0,526.1,1.0,24.0,25.0,16.0,528.0,0.0,38318.8,2018-01-31 19:59:05,2018.0,1.0,31.0,19.0,59.0,5.0,10.0,0.0,0.0,9.0,14.10000000000582,1830.0,0.0,0.0,0.1,0.0,526.1,0.0,2716729.4499999993,1430441.5,9.0,33.0,0.0,0.2391304347826087,0.2554347826086957,0.5054347826086957,0,red,0.2717391304347826,0.5271739130434783,0.08695652173913043,0.11413043478260869
63644990355.0,0.0,526.2,1.0,24.0,25.0,16.0,528.0,0.0,38318.8,2018-01-31 19:59:15,2018.0,1.0,31.0,19.0,59.0,15.0,10.0,0.0,0.0,9.0,14.10000000000582,1840.0,0.0,0.0,0.1,0.0,526.2,0.0,2717255.6499999994,1430441.5,9.0,33.0,0.0,0.23783783783783785,0.2594594594594595,0.5027027027027027,0,red,0.2756756756756757,0.5243243243243243,0.08648648648648649,0.11351351351351352
63644990365.0,0.0,526.3,1.0,24.0,25.0,16.0,528.0,0.0,38318.8,2018-01-31 19:59:25,2018.0,1.0,31.0,19.0,59.0,25.0,10.0,0.0,0.0,9.0,14.10000000000582,1850.0,0.0,0.0,0.1,0.0,526.3,0.0,2717781.9499999993,1430441.5,9.0,33.0,0.0,0.23655913978494625,0.26344086021505375,0.5,0,red,0.27956989247311825,0.521505376344086,0.08602150537634409,0.11290322580645161
63644990375.0,0.0,526.4,1.0,24.0,25.0,16.0,528.0,0.0,38318.8,2018-01-31 19:59:35,2018.0,1.0,31.0,19.0,59.0,35.0,10.0,0.0,0.0,9.0,14.10000000000582,1860.0,1.0,0.0,0.0,0.0,526.4,0.0,2718308.349999999,1430441.5,9.0,33.0,0.0,0.23529411764705882,0.26737967914438504,0.49732620320855614,0,red,0.28342245989304815,0.5187165775401069,0.0855614973262032,0.11229946524064172
63644990385.0,0.0,526.4,1.0,24.0,25.0,16.0,529.0,0.0,38318.8,2018-01-31 19:59:45,2018.0,1.0,31.0,19.0,59.0,45.0,10.0,0.0,0.0,9.0,14.10000000000582,1870.0,-9.0,0.0,0.1,-1.0,526.4,0.0,2718834.749999999,1430441.5,9.0,33.0,0.0,0.23404255319148937,0.2712765957446808,0.4946808510638298,0,red,0.2872340425531915,0.5159574468085106,0.0851063829787234,0.11170212765957446
63644990395.0,0.0,526.5,0.0,24.0,25.0,16.0,520.0,0.0,38318.8,2018-01-31 19:59:55,2018.0,1.0,31.0,19.0,59.0,55.0,0.0,0.0,0.0,9.0,14.10000000000582,1880.0,0.0,0.0,0.0,0.0,0.0,0.0,2718834.749999999,1430441.5,9.0,33.0,0.0,0.2328042328042328,0.2751322751322751,0.49206349206349204,0,red,0.291005291005291,0.5132275132275133,0.08465608465608465,0.1111111111111111
